variable,scenario,n_cells,islands_dropped,morans_I,expected_I,z,p,fdr_p_cut,n_High-High,n_Low-High,n_Low-Low,n_High-Low,visits_removed
pCO2,All data,171,0,0.09824436265652498,-0.0058823529411764705,4.102524833723175,0.001,0.0043859649122807015,1,1,7,6,
pCO2,Cruise-centred,171,0,0.11421014597505594,-0.0058823529411764705,4.811295185413035,0.001,0.0023391812865497076,1,1,2,4,
pCO2,Removed S < 25,171,0,-0.001133539490335,-0.0058823529411764705,0.15480865795051343,0.407,0.00029239766081871346,0,0,0,0,19.0
pCO2,Removed S < 30,171,0,0.10354584403248467,-0.0058823529411764705,4.355935363667201,0.001,0.00029239766081871346,0,0,0,0,98.0
pCO2,Removed S < 33,167,0,0.12228340128263511,-0.006024096385542169,4.9033576458454435,0.001,0.0002994011976047904,0,0,0,0,382.0
pCO2,Salinity-adjusted (linear),171,0,0.11368178592220883,-0.0058823529411764705,4.704011202280223,0.001,0.0061403508771929825,3,1,13,4,
pCO2,Salinity-adjusted,171,0,0.04804733045545826,-0.0058823529411764705,2.113628462878988,0.027,0.00029239766081871346,0,0,0,0,
Temp,All data,171,0,0.5015338333063033,-0.0058823529411764705,19.475619253341346,0.001,0.0304093567251462,53,0,44,7,
Temp,Cruise-centred,171,0,0.44070377216274353,-0.0058823529411764705,18.082813085097744,0.001,0.033625730994152045,50,3,53,9,
Temp,Removed S < 25,171,0,0.48808327833088166,-0.0058823529411764705,19.191627849532154,0.001,0.031871345029239766,53,0,51,5,19.0
Temp,Removed S < 30,171,0,0.43709759198725723,-0.0058823529411764705,17.060948243837064,0.001,0.029532163742690062,49,2,44,6,98.0
Temp,Removed S < 33,167,0,0.472141870466943,-0.006024096385542169,18.38159956956541,0.001,0.022155688622754494,46,1,25,2,382.0
Temp,Salinity-adjusted (linear),171,0,0.3267721653306458,-0.0058823529411764705,12.755034736593972,0.001,0.022222222222222223,38,3,28,7,
Temp,Salinity-adjusted,171,0,0.4423261318774566,-0.0058823529411764705,17.19798558338501,0.001,0.026608187134502925,44,4,38,5,
