cell_x,cell_y,lon,lat,value,Sal,min_Sal,frac_fresh,n_visits,lisa,lisa_p
0,11,-97.25,26.95,48.18229531430842,35.2518846031746,33.184446666666666,0.0,3,High-High,0.001
0,12,-97.25,27.05,10.740876510898735,33.98645309463684,29.95112090909091,0.0,6,High-High,0.002
1,9,-97.14999999999999,26.75,53.22612718717801,36.11071,36.11071,0.0,1,High-High,0.001
1,10,-97.14999999999999,26.85,59.15395418440579,36.052439375,36.052439375,0.0,1,High-High,0.001
1,11,-97.14999999999999,26.95,-1.4101064604977485,33.45213964934773,29.719118461538464,0.0,6,Low-High,0.001
1,12,-97.14999999999999,27.05,11.689012402137498,33.88616220684721,30.016909375,0.0,7,High-High,0.002
1,13,-97.14999999999999,27.150000000000002,4.599953689084463,33.53601114705883,28.993324705882355,0.0,7,ns,0.155
1,14,-97.14999999999999,27.25,-4.26750359888312,33.87608285455748,28.29626111111111,0.0,6,ns,0.266
2,6,-97.05,26.45,24.380384826719876,35.16935578664351,31.29290825,0.0,4,ns,0.058
2,7,-97.05,26.55,-18.336332711318335,33.91936834834055,30.39169,0.0,5,ns,0.049
2,8,-97.05,26.650000000000002,40.311496264016796,35.917586666666665,35.917586666666665,0.0,1,ns,0.004
2,9,-97.05,26.75,50.91634287477484,36.06766875,36.06766875,0.0,1,High-High,0.002
2,11,-97.05,26.95,11.44267651942645,33.067013863247865,30.169556923076925,0.0,3,High-High,0.001
2,12,-97.05,27.05,2.053812566525346,34.79765127142857,31.94873,0.0,5,High-High,0.003
2,14,-97.05,27.25,-16.565313863622425,32.75686496462585,28.217225,0.0,7,ns,0.278
2,15,-97.05,27.35,-12.02421298727698,32.9361076984127,28.839940625,0.0,7,ns,0.058
2,16,-97.05,27.45,-8.220341931671303,32.8040333058488,27.555600606060608,0.0,7,ns,0.051
2,17,-97.05,27.55,-15.21495052409631,32.20811573737374,26.64380090909091,0.0,5,ns,0.334
2,20,-97.05,27.85,28.773326474972805,33.25091797777778,32.3544006,0.0,3,ns,0.015
3,6,-96.95,26.45,-4.7769045161672015,34.603038452869114,30.154886363636365,0.0,5,ns,0.049
3,7,-96.95,26.55,-4.849474054407926,34.27484821752137,30.203548,0.0,5,ns,0.387
3,11,-96.95,26.95,16.387322499106215,34.31178166666667,30.52591,0.0,3,High-High,0.002
3,12,-96.95,27.05,4.096440426662639,34.21084014047619,30.489204285714287,0.0,5,ns,0.17
3,16,-96.95,27.45,-1.3075390707416357,33.43555411111111,27.846154285714285,0.0,6,ns,0.07
3,17,-96.95,27.55,-13.853667204542461,32.53013604149705,26.944486666666666,0.0,6,ns,0.483
3,18,-96.95,27.650000000000002,4.5358822716472105,36.278749875,36.278749875,0.0,1,ns,0.172
3,19,-96.95,27.75,24.568817605956458,33.335870172727276,32.1833625,0.0,3,ns,0.138
3,20,-96.95,27.85,22.555153652492397,33.25287466666666,32.576475,0.0,3,ns,0.013
4,6,-96.85,26.45,-42.48795767438402,33.71709666666666,30.14815,0.0,4,ns,0.132
4,7,-96.85,26.55,-14.043615492330797,35.13320985974026,31.746358,0.0,5,ns,0.407
4,8,-96.85,26.650000000000002,-27.228669684016552,35.24135416666667,34.18108333333333,0.0,2,ns,0.216
4,9,-96.85,26.75,-4.6089613472355495,35.10800276182882,34.380375,0.0,3,ns,0.009
4,10,-96.85,26.85,0.6260571413203024,35.196076899098514,34.596363636363634,0.0,3,ns,0.019
4,11,-96.85,26.95,2.771684430045655,35.11351483266733,30.394423333333332,0.0,7,ns,0.044
4,12,-96.85,27.05,6.5178527706644545,35.00380700270563,30.375925000000002,0.0,8,ns,0.049
4,13,-96.85,27.150000000000002,-3.106566256039315,35.351386363636365,34.392272727272726,0.0,2,ns,0.2
4,14,-96.85,27.25,1.2064668018634848,35.515151315789474,34.72425,0.0,2,ns,0.405
4,15,-96.85,27.35,-3.9333909242621132,35.4985,34.659,0.0,2,ns,0.492
4,16,-96.85,27.45,7.910828848832959,34.25504996367521,28.70678,0.0,6,ns,0.257
4,17,-96.85,27.55,1.9200695986670666,34.533333785714284,32.41806642857143,0.0,5,ns,0.486
4,18,-96.85,27.650000000000002,-7.995601209031099,33.08145677727273,30.845883636363634,0.0,5,ns,0.079
4,19,-96.85,27.75,9.180657291650135,33.953055893180704,32.11105416666666,0.0,6,ns,0.022
5,6,-96.75,26.45,-15.13024670473184,34.970010333333335,34.250865,0.0,3,ns,0.106
5,7,-96.75,26.55,7.919630422448881,36.106793402544824,35.05506357142857,0.0,5,ns,0.158
5,8,-96.75,26.650000000000002,7.228838222577082,36.04046206730769,35.80030875,0.0,2,ns,0.37
5,9,-96.75,26.75,18.541758073669598,35.6488315,35.6488315,0.0,1,ns,0.288
5,10,-96.75,26.85,16.113575162436916,35.587959999999995,35.587959999999995,0.0,1,ns,0.16
5,11,-96.75,26.95,0.3751790584328205,34.986518566558445,30.40487333333333,0.0,5,ns,0.029
5,12,-96.75,27.05,6.469627915322026,34.908607157738096,30.97946,0.0,6,ns,0.013
5,13,-96.75,27.150000000000002,21.541572523524223,35.50773921052632,35.50773921052632,0.0,1,ns,0.202
5,14,-96.75,27.25,20.22193858479318,35.387711515151516,35.387711515151516,0.0,1,ns,0.141
5,15,-96.75,27.35,-6.427049237574711,35.731333533333334,34.8023125,0.0,3,ns,0.081
5,16,-96.75,27.45,4.07090453490639,34.27141024494949,29.010226666666668,0.0,5,ns,0.299
5,17,-96.75,27.55,9.972592355845427,35.375253199999996,34.867582,0.0,5,ns,0.48
5,18,-96.75,27.650000000000002,2.0660623027817904,34.47790041118881,32.123836363636364,0.0,5,ns,0.13
5,19,-96.75,27.75,1.9836648164769386,34.136602839285715,30.72892,0.0,8,ns,0.31
5,20,-96.75,27.85,24.325006714174094,34.417570437500004,32.11428,0.0,4,ns,0.186
6,6,-96.64999999999999,26.45,3.1022082555112007,35.5940865297619,33.47013583333333,0.0,4,ns,0.483
6,7,-96.64999999999999,26.55,10.645452605811707,36.24330407738095,35.75300571428571,0.0,6,ns,0.43
6,8,-96.64999999999999,26.650000000000002,12.266574061691301,35.973075,35.973075,0.0,1,ns,0.196
6,10,-96.64999999999999,26.85,8.804376824049086,36.278095,36.278095,0.0,1,ns,0.031
6,11,-96.64999999999999,26.95,-1.976738445336116,35.89573861289426,34.5007625,0.0,5,ns,0.009
6,12,-96.64999999999999,27.05,4.349372852807686,35.78107076142671,34.42027451612903,0.0,6,ns,0.019
6,13,-96.64999999999999,27.150000000000002,1.3274895340638864,35.955593125,35.955593125,0.0,1,ns,0.053
6,14,-96.64999999999999,27.25,2.294460121813273,35.73164253125,35.533076666666666,0.0,2,ns,0.035
6,15,-96.64999999999999,27.35,0.9974232493021494,35.56981062222223,34.947,0.0,3,ns,0.033
6,16,-96.64999999999999,27.45,10.382018256156316,35.85630455782313,35.1535,0.0,7,ns,0.188
6,17,-96.64999999999999,27.55,1.2501678470178832,34.750749880952384,29.22168,0.0,10,ns,0.29
6,18,-96.64999999999999,27.650000000000002,4.409576987431895,34.61182941287879,32.504925,0.0,6,ns,0.188
6,20,-96.64999999999999,27.85,1.3016816258521318,33.62236959893048,30.81735117647059,0.0,5,ns,0.111
6,21,-96.64999999999999,27.95,-43.3275548786861,31.90179714285714,31.90179714285714,0.0,1,ns,0.1
6,22,-96.64999999999999,28.05,-27.186476147168037,31.982852352941176,31.982852352941176,0.0,1,ns,0.028
7,6,-96.55,26.45,8.744841958147624,35.66610337835875,32.69099833333333,0.0,9,ns,0.105
7,7,-96.55,26.55,6.521582317512803,35.703884007778264,32.23394,0.0,9,ns,0.057
7,8,-96.55,26.650000000000002,13.703963741394508,36.03359044444445,35.58157,0.0,3,ns,0.008
7,9,-96.55,26.75,12.902882807183536,36.12976750877193,35.802902,0.0,3,ns,0.03
7,10,-96.55,26.85,1.934837305864903,36.15235158730159,35.944162142857145,0.0,3,ns,0.031
7,11,-96.55,26.95,9.270944328074718,35.82927271312021,33.677735,0.0,7,ns,0.119
7,12,-96.55,27.05,13.571144323296675,35.768248013888886,34.26791111111111,0.0,5,ns,0.11
7,13,-96.55,27.150000000000002,14.472147106935836,36.41194076923077,36.40746153846153,0.0,2,ns,0.095
7,14,-96.55,27.25,3.258246190051409,35.84275133333334,35.303836000000004,0.0,2,ns,0.145
7,15,-96.55,27.35,7.06091647696222,35.913343238636365,35.41955545454545,0.0,4,ns,0.37
7,16,-96.55,27.45,11.917713861082454,35.88309387879888,35.21294125,0.0,9,ns,0.451
7,17,-96.55,27.55,3.226717946114783,35.04278421504884,29.615681538461537,0.0,14,ns,0.25
7,18,-96.55,27.650000000000002,-4.794603640996773,34.30005242046049,28.565464444444444,0.0,7,ns,0.244
7,20,-96.55,27.85,-5.425388020078354,32.34230575,25.356376666666666,0.0,6,ns,0.166
7,21,-96.55,27.95,-5.070377865498684,32.92231975351257,25.28346394736842,0.0,11,ns,0.104
7,22,-96.55,28.05,-1.224002368159438,31.847509000000002,25.264735833333333,0.0,5,ns,0.005
7,23,-96.55,28.150000000000002,-21.928030678678454,31.83199111111111,31.83199111111111,0.0,1,Low-Low,0.002
8,6,-96.45,26.45,10.053186717904364,35.77284460486151,32.422230416666665,0.0,9,ns,0.209
8,7,-96.45,26.55,8.330073324378512,35.65954376933073,32.160355238095235,0.0,9,ns,0.085
8,8,-96.45,26.650000000000002,0.3706659061240032,34.28107333333333,32.76382,0.0,2,ns,0.093
8,9,-96.45,26.75,6.4117028428172205,35.963529508094645,35.80507356164384,0.0,2,ns,0.091
8,10,-96.45,26.85,2.768902614350452,36.07504170673077,35.85852346153846,0.0,4,ns,0.216
8,11,-96.45,26.95,0.8126388434910666,35.874769798261454,32.62115076923077,0.0,10,ns,0.216
8,12,-96.45,27.05,4.483416972922279,36.047451660587306,35.512966666666664,0.0,7,ns,0.355
8,13,-96.45,27.150000000000002,3.815850840597335,36.23567000641026,35.934252692307695,0.0,4,ns,0.456
8,14,-96.45,27.25,11.101222805446724,36.28235,36.16405666666667,0.0,2,ns,0.425
8,16,-96.45,27.45,2.19030871340586,35.70715678113553,34.24130923076923,0.0,12,ns,0.302
8,17,-96.45,27.55,3.9343478118601887,35.483455301781916,32.910714285714285,0.0,16,ns,0.403
8,18,-96.45,27.650000000000002,-1.6798655468499615,34.439362269820755,28.149731666666668,0.0,7,ns,0.271
8,19,-96.45,27.75,4.844603883761114,34.647132718253964,28.28324,0.0,6,ns,0.213
8,20,-96.45,27.85,2.6778850864790913,33.560938492436975,25.37908,0.0,5,ns,0.45
8,21,-96.45,27.95,-3.770220083840534,32.91158464047619,25.364333333333335,0.0,11,ns,0.216
8,22,-96.45,28.05,-1.6705000617886085,32.26216792644069,25.365402962962964,0.0,8,ns,0.016
8,23,-96.45,28.150000000000002,-8.013979114187407,32.49136957142857,29.500601,0.0,6,ns,0.031
8,24,-96.45,28.25,-46.77874476444265,29.62973222222222,28.666357777777776,0.0,2,ns,0.063
9,6,-96.35,26.45,-6.569185396568429,36.059656833333335,35.928422,0.0,2,ns,0.367
9,7,-96.35,26.55,18.6748655051166,36.412245,36.32719,0.0,2,ns,0.46
9,8,-96.35,26.650000000000002,4.243712064613637,35.76441445824845,33.42429166666667,0.0,6,ns,0.435
9,9,-96.35,26.75,5.708542831560408,36.10435625,36.10435625,0.0,1,ns,0.386
9,10,-96.35,26.85,-5.585738715393518,36.033529950980395,36.010633235294115,0.0,2,ns,0.4
9,11,-96.35,26.95,1.394911277356485,35.40190246202327,33.13479785714286,0.0,4,ns,0.408
9,12,-96.35,27.05,-0.7503419502919201,35.94875566519774,35.475475,0.0,5,ns,0.428
9,13,-96.35,27.150000000000002,-0.26480547669892,36.061787770491804,35.907345,0.0,3,ns,0.196
9,14,-96.35,27.25,-5.867749688470781,36.121241006944445,36.081333125,0.0,2,ns,0.135
9,15,-96.35,27.35,-34.90709769966617,35.701372,35.701372,0.0,1,ns,0.31
9,16,-96.35,27.45,-5.5060136531107275,35.23638455105311,32.574001499999994,0.0,8,ns,0.301
9,17,-96.35,27.55,5.131992805269084,35.553178269737124,34.06562525,0.0,10,ns,0.159
9,18,-96.35,27.650000000000002,0.5468764471220879,35.49917780864198,34.135000000000005,0.0,3,ns,0.226
9,19,-96.35,27.75,-0.38332026057419927,35.67245833333333,34.209,0.0,3,ns,0.2
9,20,-96.35,27.85,10.952783922916069,36.4281,36.4281,0.0,1,ns,0.154
9,21,-96.35,27.95,6.259366100299114,33.58236333333333,32.716575,0.0,3,ns,0.171
9,22,-96.35,28.05,14.319548070714655,33.59779074285714,32.0362,0.0,5,ns,0.374
9,23,-96.35,28.150000000000002,4.593141513672924,33.36426535238095,30.62363666666667,0.0,5,ns,0.075
9,24,-96.35,28.25,-6.182634080866762,31.49161846696128,27.573446363636364,0.0,6,ns,0.018
9,25,-96.35,28.35,-21.145224135528206,30.99865636338757,25.737277575757574,0.0,6,ns,0.004
9,26,-96.35,28.450000000000003,-11.16719175782589,35.1070005,35.1070005,0.0,1,Low-Low,0.001
10,6,-96.25,26.45,-4.071291245892667,36.13087060150376,36.05840857142857,0.0,2,ns,0.388
10,7,-96.25,26.55,-14.693088589738863,36.04222222222222,36.04222222222222,0.0,1,ns,0.361
10,9,-96.25,26.75,-0.5519969625263538,35.61801925678999,32.89617846153846,0.0,7,ns,0.418
10,10,-96.25,26.85,-5.150965156923121,35.89762,35.82293,0.0,2,ns,0.468
10,11,-96.25,26.95,-3.8278340147257475,35.62961365979854,33.36151692307693,0.0,6,ns,0.426
10,12,-96.25,27.05,-3.9429761889370525,35.42561857619047,33.177925,0.0,5,ns,0.255
10,13,-96.25,27.150000000000002,-0.13422560586515905,36.07812364560639,35.88164852941177,0.0,3,ns,0.115
10,14,-96.25,27.25,1.2585134465934402,36.103124335470085,36.045476923076926,0.0,3,ns,0.052
10,15,-96.25,27.35,-6.2125804560162505,35.62932168478261,34.592999999999996,0.0,6,ns,0.113
10,16,-96.25,27.45,-5.5640306581685355,35.0454430190743,32.0714004,0.0,7,ns,0.108
10,17,-96.25,27.55,-0.2858501413398263,35.827252634615384,34.621852,0.0,6,ns,0.196
10,18,-96.25,27.650000000000002,11.46438153190735,36.238153636363634,36.238153636363634,0.0,1,ns,0.472
10,19,-96.25,27.75,6.7262562353191315,35.55140220695971,34.508307692307696,0.0,3,ns,0.29
10,20,-96.25,27.85,28.455706743422866,35.25063,35.25063,0.0,1,ns,0.168
10,21,-96.25,27.95,9.148225207647386,35.03516443223443,33.56754615384615,0.0,3,ns,0.113
10,22,-96.25,28.05,11.281592308854679,33.821105509920635,31.799066666666665,0.0,6,ns,0.243
10,23,-96.25,28.150000000000002,0.5814142617104737,33.164354351576996,26.04298714285714,0.0,7,ns,0.086
10,24,-96.25,28.25,14.853001597802006,36.11626141666667,35.669998,0.0,3,ns,0.006
10,25,-96.25,28.35,-11.99020008654936,31.45378945989975,25.557144375,0.0,7,Low-Low,0.001
10,26,-96.25,28.450000000000003,10.346503858164596,33.09430033333333,30.7086,0.0,2,High-Low,0.002
11,6,-96.14999999999999,26.45,-2.043546240912292,35.936132585470084,35.023111111111106,0.0,4,ns,0.476
11,7,-96.14999999999999,26.55,-8.241033070974538,35.44273,34.837059999999994,0.0,2,ns,0.413
11,8,-96.14999999999999,26.650000000000002,-2.222962453618152,34.85145,34.85145,0.0,1,ns,0.192
11,9,-96.14999999999999,26.75,-5.7356542307942675,35.21171171875,34.05688,0.0,4,ns,0.152
11,10,-96.14999999999999,26.85,5.727517537424311,35.59422245606576,33.69379222222222,0.0,7,ns,0.132
11,11,-96.14999999999999,26.95,1.4207671806256599,35.96767596336996,35.14924285714286,0.0,6,ns,0.332
11,12,-96.14999999999999,27.05,1.357698792728769,35.597501083333334,33.13784,0.0,6,ns,0.458
11,13,-96.14999999999999,27.150000000000002,-6.490504647478834,35.743098682870375,35.194,0.0,3,ns,0.337
11,14,-96.14999999999999,27.25,-16.75209693921832,35.67821,35.17595,0.0,2,ns,0.17
11,15,-96.14999999999999,27.35,-4.6646155090954995,35.068253946753245,31.487,0.0,7,ns,0.156
11,16,-96.14999999999999,27.45,-8.046381758458807,33.822107071428576,31.6875,0.0,2,ns,0.216
11,17,-96.14999999999999,27.55,2.553237018399358,35.65379474038461,33.94454,0.0,8,ns,0.464
11,18,-96.14999999999999,27.650000000000002,-11.816784790069619,34.9320495,33.814099999999996,0.0,2,ns,0.198
11,19,-96.14999999999999,27.75,12.137518816377224,36.369,36.369,0.0,1,ns,0.285
11,20,-96.14999999999999,27.85,-5.712307227883258,35.22723888888889,34.95186666666667,0.0,2,ns,0.124
11,21,-96.14999999999999,27.95,-4.725793273924779,34.92051676948052,33.69376,0.0,4,ns,0.093
11,22,-96.14999999999999,28.05,20.21536525723063,34.76454064460785,31.511849411764707,0.0,4,ns,0.239
11,23,-96.14999999999999,28.150000000000002,-3.780498716554225,32.54953464305556,25.966881666666666,0.0,6,ns,0.442
11,24,-96.14999999999999,28.25,-9.907712060646588,31.00280909090909,26.21061818181818,0.0,2,ns,0.08
11,25,-96.14999999999999,28.35,-23.71940658360984,31.67627219318182,25.65,0.0,5,ns,0.021
11,26,-96.14999999999999,28.450000000000003,-46.32398649589951,30.253085464201682,25.53335,0.0,5,ns,0.051
12,6,-96.05,26.45,11.272694211982431,35.7566216971917,34.2792,0.0,6,ns,0.346
12,7,-96.05,26.55,7.013052192511793,35.79389044444444,34.1795,0.0,5,ns,0.433
12,8,-96.05,26.650000000000002,2.9662116166329753,36.23475942307692,36.0051,0.0,4,ns,0.118
12,9,-96.05,26.75,1.7766978499606694,36.19774802941176,35.866975,0.0,4,ns,0.099
12,10,-96.05,26.85,7.127365678956295,35.37560035714286,32.83709523809524,0.0,4,ns,0.057
12,11,-96.05,26.95,4.369825911359023,35.4953103898253,32.30694209302325,0.0,11,ns,0.084
12,12,-96.05,27.05,7.349001109749986,35.60666442272442,32.7715964,0.0,10,ns,0.172
12,13,-96.05,27.150000000000002,0.2607438582605027,35.330789090909086,33.34654545454545,0.0,5,ns,0.478
12,14,-96.05,27.25,6.168390559238219,35.62219356470588,34.2544,0.0,5,ns,0.496
12,15,-96.05,27.35,4.681229141363536,35.105566371444084,31.3227003,0.0,10,ns,0.389
12,16,-96.05,27.45,10.814387978618402,35.203107780663785,33.242666666666665,0.0,5,ns,0.491
12,17,-96.05,27.55,5.738558073550313,35.57302821580174,33.351,0.0,14,ns,0.268
12,18,-96.05,27.650000000000002,-6.175457233582027,35.44819834798535,33.27767076923077,0.0,7,ns,0.244
12,19,-96.05,27.75,-7.753359146992902,34.16937711640212,33.44021357142857,0.0,3,ns,0.217
12,20,-96.05,27.85,1.5958952036889826,34.31356949862638,30.1835,0.0,8,ns,0.363
12,21,-96.05,27.95,-0.9171103476798034,34.199893173542726,30.39832142857143,0.0,14,ns,0.233
12,22,-96.05,28.05,-5.218016046826898,33.98953050182426,30.625933333333332,0.0,11,ns,0.338
12,23,-96.05,28.150000000000002,4.260770680622443,34.80139386320739,32.7502,0.0,8,ns,0.491
12,24,-96.05,28.25,0.04660089385034212,33.57925429714286,26.557458333333333,0.0,10,ns,0.076
12,25,-96.05,28.35,-3.1072005984915827,30.341755222222222,26.88169,0.0,3,ns,0.039
12,26,-96.05,28.450000000000003,-18.432620233066896,31.424262374996097,27.795371724137933,0.0,9,ns,0.048
12,27,-96.05,28.55,11.663583855890124,33.94717222222223,30.147468333333336,0.0,3,ns,0.035
13,6,-95.95,26.45,10.296144369302192,36.06649755555556,35.13225,0.0,5,ns,0.416
13,7,-95.95,26.55,2.864135350935544,35.83031028571428,34.21832142857143,0.0,5,ns,0.22
13,8,-95.95,26.650000000000002,9.514268284388189,35.30490167929293,33.49904545454546,0.0,3,ns,0.145
13,9,-95.95,26.75,33.17467018773567,36.04483485714286,36.04483485714286,0.0,1,ns,0.15
13,10,-95.95,26.85,37.12199231799576,36.08762,36.08762,0.0,1,ns,0.084
13,11,-95.95,26.95,9.487289245291596,35.67661508146684,33.346909090909094,0.0,5,ns,0.015
13,12,-95.95,27.05,7.002989936003428,35.79115723351158,33.37117647058823,0.0,5,ns,0.08
13,13,-95.95,27.150000000000002,4.845105638250402,35.860627625,34.8705,0.0,4,ns,0.301
13,14,-95.95,27.25,4.546516628699188,35.26632625916367,32.956,0.0,7,ns,0.313
13,15,-95.95,27.35,4.688308319489162,34.58388322282347,31.358999899999997,0.0,6,ns,0.463
13,16,-95.95,27.45,14.041179925673447,34.978322727272726,33.3372,0.0,4,ns,0.427
13,17,-95.95,27.55,7.514448948785448,35.611480793927186,33.39541379310345,0.0,13,ns,0.474
13,18,-95.95,27.650000000000002,6.607761069336365,35.44933942029866,32.918083333333335,0.0,11,ns,0.229
13,19,-95.95,27.75,6.236212241300436,35.384528381879974,32.11633333333334,0.0,8,ns,0.314
13,20,-95.95,27.85,5.520139281033029,34.96902569264069,30.385272727272728,0.0,6,ns,0.188
13,21,-95.95,27.95,-2.9454667709772195,33.93473049688281,30.457105263157892,0.0,10,ns,0.44
13,22,-95.95,28.05,-3.2040879209642656,33.38932643915608,30.56428,0.0,7,ns,0.42
13,23,-95.95,28.150000000000002,4.669883143065204,33.33355433333334,29.52129,0.0,5,ns,0.444
13,24,-95.95,28.25,2.515461773486162,33.46415395658155,28.268449999999998,0.0,11,ns,0.116
13,25,-95.95,28.35,5.2366458079625655,32.96579353675214,27.372308666666665,0.0,5,ns,0.152
13,26,-95.95,28.450000000000003,-13.982927153312362,31.098043054784295,27.69382363636364,0.0,7,ns,0.152
13,27,-95.95,28.55,11.151210870586112,35.343749375,35.343749375,0.0,1,ns,0.219
14,6,-95.85,26.45,-0.039250298047363685,36.34352380952381,36.34352380952381,0.0,1,ns,0.292
14,7,-95.85,26.55,-2.1307382649285764,36.389960732600734,36.18175076923077,0.0,3,ns,0.13
14,8,-95.85,26.650000000000002,-1.4469863768024425,36.28332560224089,36.01106357142857,0.0,3,ns,0.131
14,10,-95.85,26.85,-3.764799155037309,36.30515557142857,36.07985714285714,0.0,2,ns,0.044
14,11,-95.85,26.95,15.518512226859798,36.259376071428576,36.08117714285714,0.0,2,ns,0.034
14,14,-95.85,27.25,1.781635035480491,35.46948038528015,32.0978004,0.0,6,ns,0.327
14,15,-95.85,27.35,4.695403468192836,33.656001,31.280001,0.0,2,ns,0.325
14,16,-95.85,27.45,19.409677863702257,35.94322,35.94322,0.0,1,ns,0.484
14,17,-95.85,27.55,5.361004808911879,36.048498465430406,34.19558,0.0,8,ns,0.465
14,18,-95.85,27.650000000000002,-0.9621575024206663,35.18211570454545,33.664475,0.0,4,ns,0.454
14,19,-95.85,27.75,3.027615040532311,36.1374495,36.078232,0.0,2,ns,0.262
14,20,-95.85,27.85,4.144626097367848,36.212782380952376,36.19556476190476,0.0,2,ns,0.196
14,21,-95.85,27.95,-9.176794795009709,33.140846832812805,30.153615384615385,0.0,5,ns,0.474
14,22,-95.85,28.05,1.4691743474012355,33.722590624999995,32.4546,0.0,4,ns,0.422
14,23,-95.85,28.150000000000002,27.8340129945841,35.76516789473684,35.76516789473684,0.0,1,ns,0.326
14,24,-95.85,28.25,-4.494793399630006,34.098794465986394,31.46057142857143,0.0,7,ns,0.33
14,25,-95.85,28.35,1.7612209806935968,33.78358509785059,31.405411111111114,0.0,9,ns,0.338
14,26,-95.85,28.450000000000003,-14.385276930319108,31.814867775297618,30.159817142857143,0.0,4,ns,0.158
14,27,-95.85,28.55,15.719109922492692,35.24874975,35.24874975,0.0,1,ns,0.189
14,28,-95.85,28.650000000000002,17.598162651998393,35.139999,35.139999,0.0,1,ns,0.028
15,6,-95.75,26.45,10.843810420905612,36.20065512820513,36.069900000000004,0.0,2,ns,0.3
15,7,-95.75,26.55,-4.8531848604118295,36.406147450738914,36.16082214285714,0.0,2,ns,0.486
15,8,-95.75,26.650000000000002,-5.483723643938873,36.26677222222222,36.187624444444445,0.0,2,ns,0.462
15,9,-95.75,26.75,1.3256340524647499,36.3438,36.3438,0.0,1,ns,0.217
15,10,-95.75,26.85,-4.828522153380533,36.417838095238096,36.18012685714285,0.0,2,ns,0.088
15,13,-95.75,27.150000000000002,0.5601119829539888,35.40487242424243,33.83614,0.0,3,ns,0.346
15,14,-95.75,27.25,-0.2833654652671953,35.675179037843,33.0966,0.0,6,ns,0.391
15,15,-95.75,27.35,-9.716025105362178,36.041671666666666,36.041671666666666,0.0,1,ns,0.481
15,16,-95.75,27.45,-20.557053816969187,35.953379999999996,35.953379999999996,0.0,1,ns,0.45
15,17,-95.75,27.55,0.3657478987245071,36.08921777164646,34.34962076923077,0.0,8,ns,0.412
15,18,-95.75,27.650000000000002,-3.9294895942751396,35.55928304139434,33.83307777777778,0.0,6,ns,0.445
15,19,-95.75,27.75,-0.9455956256441311,35.534202531760435,35.08868368421052,0.0,2,ns,0.297
15,20,-95.75,27.85,-2.9198321615070655,35.91367894139194,35.174015,0.0,5,ns,0.259
15,21,-95.75,27.95,-9.246943336864366,33.29495952777778,29.27122222222222,0.0,5,ns,0.424
15,22,-95.75,28.05,3.7738738051600507,34.757363754995005,33.730758461538464,0.0,4,ns,0.259
15,24,-95.75,28.25,7.893795202405613,36.0970475,36.0970475,0.0,1,ns,0.385
15,25,-95.75,28.35,3.066748608381957,33.64114065118736,31.142362499999997,0.0,8,ns,0.264
15,26,-95.75,28.450000000000003,8.913888857425182,32.15578667216117,30.325395,0.0,7,ns,0.105
15,28,-95.75,28.650000000000002,16.83555248215248,35.01222177777778,35.01222177777778,0.0,1,ns,0.011
16,6,-95.64999999999999,26.45,3.608522992114748,36.32650048976608,36.05562105263158,0.0,3,ns,0.103
16,7,-95.64999999999999,26.55,-3.3341114306905033,36.36970010989011,36.1634,0.0,3,ns,0.139
16,8,-95.64999999999999,26.650000000000002,-0.34380684050847776,36.322382352941176,36.322382352941176,0.0,1,ns,0.146
16,9,-95.64999999999999,26.75,-6.093575463977686,36.27145859649123,36.20025052631579,0.0,2,ns,0.18
16,10,-95.64999999999999,26.85,-5.689835676644066,36.41302496153846,36.185473,0.0,2,ns,0.484
16,13,-95.64999999999999,27.150000000000002,2.886640741243866,35.139920000000004,33.618000333333335,0.0,5,ns,0.331
16,14,-95.64999999999999,27.25,0.10653819286247312,35.47152185688405,33.250667666666665,0.0,4,ns,0.137
16,16,-95.64999999999999,27.45,-8.342828786409285,36.20220602564103,36.18914538461539,0.0,2,ns,0.247
16,17,-95.64999999999999,27.55,-0.6890062484904078,36.11590372762654,34.56617181818182,0.0,8,ns,0.203
16,18,-95.64999999999999,27.650000000000002,-2.5916948692395656,35.64834764468865,34.00504285714286,0.0,6,ns,0.191
16,19,-95.64999999999999,27.75,-1.7140429513099775,36.20033333333333,36.20033333333333,0.0,1,ns,0.263
16,20,-95.64999999999999,27.85,-0.09781565559988319,36.040692657369924,35.27440315789474,0.0,6,ns,0.197
16,21,-95.64999999999999,27.95,-7.815431459623464,34.100358207643204,30.055913043478263,0.0,6,ns,0.202
16,22,-95.64999999999999,28.05,-3.574081033443406,35.17222044642857,35.15548214285714,0.0,2,ns,0.373
16,25,-95.64999999999999,28.35,7.645885848940878,35.8724,35.48,0.0,2,ns,0.427
16,26,-95.64999999999999,28.450000000000003,3.336763423341035,33.259809998328755,30.82907,0.0,12,ns,0.13
16,28,-95.64999999999999,28.650000000000002,21.174403801099345,34.68125025,34.68125025,0.0,1,ns,0.012
16,29,-95.64999999999999,28.75,21.828942700804134,33.9400005,33.9400005,0.0,1,ns,0.025
17,6,-95.55,26.45,0.8744401118676327,36.294591851851855,36.00315555555555,0.0,3,ns,0.018
17,7,-95.55,26.55,-7.5212431885846485,36.273919892269674,36.023092857142856,0.0,4,ns,0.039
17,8,-95.55,26.650000000000002,4.22187686241125,36.487984701492536,36.487984701492536,0.0,1,ns,0.044
17,9,-95.55,26.75,3.7512295461622784,36.324,36.324,0.0,1,ns,0.209
17,10,-95.55,26.85,-2.7787333946827744,36.46548754180602,36.30145769230769,0.0,2,ns,0.5
17,11,-95.55,26.95,6.489184752807859,36.401837291666666,36.336533333333335,0.0,2,ns,0.486
17,12,-95.55,27.05,0.13663104119405034,35.8624941115942,34.17123333333333,0.0,4,ns,0.495
17,13,-95.55,27.150000000000002,2.353847906393079,35.47570500172975,33.124667,0.0,7,ns,0.455
17,14,-95.55,27.25,-0.4777008314017621,36.31761605263158,36.15372210526316,0.0,2,ns,0.246
17,15,-95.55,27.35,-3.254063788855916,36.264556875000004,36.180113750000004,0.0,2,ns,0.119
17,16,-95.55,27.45,0.7646289916814197,36.31688340972222,36.02623833333334,0.0,8,ns,0.075
17,17,-95.55,27.55,2.599637420070742,36.28891063589189,35.85388666666667,0.0,8,ns,0.1
17,18,-95.55,27.650000000000002,-5.190569619826226,35.72520238571428,34.31214444444444,0.0,5,ns,0.287
17,19,-95.55,27.75,5.390143563665321,36.216297464988955,35.324473749999996,0.0,9,ns,0.26
17,20,-95.55,27.85,0.8357885436703734,35.53788487179487,33.50173,0.0,7,ns,0.291
17,21,-95.55,27.95,0.5420381765690212,34.87695233838384,30.714282222222224,0.0,13,ns,0.269
17,22,-95.55,28.05,-3.049570550856368,34.55285804910945,30.6586827027027,0.0,12,ns,0.264
17,23,-95.55,28.150000000000002,-13.016616594422553,34.476981894757905,30.505634999999998,0.0,7,ns,0.4
17,24,-95.55,28.25,-2.836036401111585,34.305138847725196,30.568115294117646,0.0,6,ns,0.451
17,25,-95.55,28.35,4.102827255167801,33.9094437571522,30.67538625,0.0,5,ns,0.412
17,26,-95.55,28.450000000000003,0.3591145089960284,33.52257721647587,30.5783,0.0,17,ns,0.332
17,27,-95.55,28.55,4.4017701193204175,33.54955983688142,30.7345,0.0,12,ns,0.072
17,29,-95.55,28.75,10.144259689766955,34.239999874999995,34.239999874999995,0.0,1,ns,0.449
18,6,-95.45,26.45,-18.71192675271442,36.0243,36.0243,0.0,1,ns,0.005
18,7,-95.45,26.55,-11.345727783666595,36.24970583333333,36.05033125,0.0,3,ns,0.018
18,8,-95.45,26.650000000000002,-4.524919066419187,36.27117948412698,36.178307857142855,0.0,2,ns,0.02
18,9,-95.45,26.75,1.4760008955120536,36.42437004120879,36.32876923076923,0.0,3,ns,0.299
18,11,-95.45,26.95,5.8365511822291865,36.39872572463768,36.33243478260869,0.0,2,ns,0.177
18,12,-95.45,27.05,3.1582980942144636,35.41078577892157,32.898165999999996,0.0,6,ns,0.317
18,13,-95.45,27.150000000000002,0.6874172272137571,35.20645122222222,32.83333366666667,0.0,3,ns,0.446
18,14,-95.45,27.25,-4.359339593166624,36.14550333333333,36.14550333333333,0.0,1,ns,0.404
18,15,-95.45,27.35,-3.1199742258969914,36.37908445959596,36.26166583333333,0.0,3,ns,0.258
18,16,-95.45,27.45,1.227704862959276,36.23724399691525,36.031101666666665,0.0,6,ns,0.126
18,17,-95.45,27.55,0.12643933274893648,36.26061920921904,35.644627368421055,0.0,9,ns,0.155
18,18,-95.45,27.650000000000002,-1.5660026765665356,35.65656762822145,31.829494615384615,0.0,11,ns,0.281
18,19,-95.45,27.75,3.3923635577849183,35.594824818920046,30.628059999999998,0.0,12,ns,0.354
18,20,-95.45,27.85,3.6792559003182976,34.905754397851055,29.934585,0.0,9,ns,0.271
18,21,-95.45,27.95,1.5617759702714693,35.04462272571796,30.50983451612903,0.0,11,ns,0.361
18,22,-95.45,28.05,-1.7699459832625961,34.63395422372331,31.7455,0.0,10,ns,0.316
18,23,-95.45,28.150000000000002,9.07196420362707,35.41720484126984,34.824848571428575,0.0,3,ns,0.214
18,24,-95.45,28.25,10.49843972060063,35.26823048863636,34.478354375,0.0,3,ns,0.233
18,25,-95.45,28.35,-5.326516985642684,32.90739064814815,31.916476296296295,0.0,2,ns,0.348
18,26,-95.45,28.450000000000003,3.8772511062277033,33.052083010731714,30.416219375,0.0,8,ns,0.427
18,27,-95.45,28.55,4.499686960053873,33.019976523902635,30.20209090909091,0.0,15,ns,0.071
18,28,-95.45,28.650000000000002,-14.557535007329875,30.35431,30.35431,0.0,1,ns,0.104
18,29,-95.45,28.75,20.502382352890663,33.963749375,33.963749375,0.0,1,ns,0.006
19,6,-95.35,26.45,-22.707779745907573,36.23381,36.045,0.0,2,Low-Low,0.002
19,7,-95.35,26.55,-22.579204242398077,36.03225,36.03225,0.0,1,ns,0.005
19,8,-95.35,26.650000000000002,1.3797915441829218,36.28345043956044,36.07751857142857,0.0,2,ns,0.011
19,9,-95.35,26.75,1.580029801171842,36.39735525925926,36.32233333333333,0.0,3,ns,0.392
19,10,-95.35,26.85,7.233201587015344,36.33133333333333,36.33133333333333,0.0,1,ns,0.142
19,11,-95.35,26.95,5.738599437223954,36.437266677731095,36.34057142857143,0.0,4,ns,0.116
19,12,-95.35,27.05,4.038411933910453,35.608010889895866,34.1466991,0.0,6,ns,0.124
19,13,-95.35,27.150000000000002,1.4469334652453085,36.3482,36.3482,0.0,1,ns,0.359
19,14,-95.35,27.25,-1.1542506147683298,36.33305882352941,36.33305882352941,0.0,1,ns,0.38
19,15,-95.35,27.35,0.045671062485922675,36.56521901052632,36.4641596,0.0,2,ns,0.249
19,16,-95.35,27.45,-5.378950282623464,36.66064,36.66064,0.0,1,ns,0.294
19,17,-95.35,27.55,-0.3548728934657106,36.309747375,36.22699475,0.0,2,ns,0.203
19,18,-95.35,27.650000000000002,-6.337623982868436,35.618700885989014,34.2428875,0.0,4,ns,0.342
19,19,-95.35,27.75,0.6674614930006442,35.69960666666667,35.69960666666667,0.0,1,ns,0.389
19,20,-95.35,27.85,7.165989511188381,35.298137457264964,34.46224153846154,0.0,3,ns,0.395
19,21,-95.35,27.95,10.797632107181926,36.247183684210526,36.1505,0.0,2,ns,0.444
19,22,-95.35,28.05,-14.947065583823246,33.25157142857143,33.25157142857143,0.0,1,ns,0.397
19,26,-95.35,28.450000000000003,-13.169136994450412,33.795928611111115,29.72469,0.0,3,ns,0.388
19,27,-95.35,28.55,4.152741321793537,32.822220052991455,29.971999999999998,0.0,13,High-Low,0.001
19,28,-95.35,28.650000000000002,4.543570421232725,32.88077897578463,29.594868125,0.0,12,High-Low,0.001
19,29,-95.35,28.75,-92.35042850598683,26.312113333333333,26.312113333333333,0.0,1,ns,0.015
19,30,-95.35,28.85,20.414596816350354,34.6,34.6,0.0,1,High-Low,0.001
20,6,-95.25,26.45,-21.35790665050527,36.229640555555555,36.0432,0.0,2,Low-Low,0.003
20,7,-95.25,26.55,-19.764234835694452,36.04226274131274,36.03505405405406,0.0,2,ns,0.004
20,8,-95.25,26.650000000000002,2.5942484476106813,36.36104113095238,36.31976642857143,0.0,2,ns,0.033
20,9,-95.25,26.75,-8.854176339996059,36.34095307692308,36.34095307692308,0.0,1,ns,0.475
20,10,-95.25,26.85,22.656687079497885,36.44282777777778,36.44282777777778,0.0,1,ns,0.124
20,11,-95.25,26.95,9.177108875336833,35.88138612200577,34.05492857142857,0.0,6,ns,0.089
20,12,-95.25,27.05,7.290532979570585,35.427367757142854,33.9871,0.0,4,ns,0.092
20,13,-95.25,27.150000000000002,1.341531904643773,36.34152,36.34152,0.0,1,ns,0.324
20,15,-95.25,27.35,2.6660301468941725,36.408633076923074,36.408633076923074,0.0,1,ns,0.196
20,16,-95.25,27.45,-4.702438200953395,36.64864166666667,36.64864166666667,0.0,1,ns,0.132
20,17,-95.25,27.55,-0.9523847176568836,36.276214464285715,36.17449142857143,0.0,2,ns,0.156
20,18,-95.25,27.650000000000002,-5.476310160871094,35.60529309294871,34.1687625,0.0,4,ns,0.281
20,19,-95.25,27.75,-8.12990924252576,35.85695784523809,35.337914285714284,0.0,3,ns,0.486
20,20,-95.25,27.85,0.7502362372482139,35.41290721428571,34.7206625,0.0,5,ns,0.366
20,21,-95.25,27.95,6.596966546269712,35.83116692708333,34.60473333333333,0.0,4,ns,0.364
20,22,-95.25,28.05,-4.6276743081257905,33.70709523809524,33.70709523809524,0.0,1,ns,0.474
20,23,-95.25,28.150000000000002,-6.408251179782781,35.95674571428572,35.95674571428572,0.0,1,ns,0.476
20,24,-95.25,28.25,6.379551018364907,36.16537777777778,36.16537777777778,0.0,1,ns,0.103
20,25,-95.25,28.35,10.99803940190344,36.21597333333333,36.21597333333333,0.0,1,ns,0.136
20,26,-95.25,28.450000000000003,-0.1361323183688512,35.86307047619047,35.52021428571429,0.0,2,ns,0.186
20,27,-95.25,28.55,-8.914859740737654,33.92995166666667,32.33990333333333,0.0,2,Low-Low,0.001
20,28,-95.25,28.650000000000002,-5.204224381615854,32.40431720282626,25.28733142857143,0.0,13,Low-Low,0.001
20,29,-95.25,28.75,-42.33679850798811,31.88000925,28.630017499999997,0.0,2,Low-Low,0.001
20,30,-95.25,28.85,-47.59478936193622,30.83687665277778,26.802086666666668,0.0,2,Low-Low,0.002
20,31,-95.25,28.950000000000003,15.349345538405544,34.63505782758621,34.63505782758621,0.0,1,High-Low,0.001
21,6,-95.14999999999999,26.45,-11.493062070935707,36.01258245614035,36.00483157894737,0.0,2,ns,0.008
21,7,-95.14999999999999,26.55,-17.956926824864713,36.09469000000001,35.86586,0.0,3,ns,0.023
21,8,-95.14999999999999,26.650000000000002,-0.41160789705199363,36.251214669117644,36.15838058823529,0.0,2,ns,0.125
21,9,-95.14999999999999,26.75,-0.63016560293255,36.20980733333333,36.073418000000004,0.0,2,ns,0.356
21,10,-95.14999999999999,26.85,11.950551342437999,36.45328719444444,36.42733333333333,0.0,3,ns,0.074
21,11,-95.14999999999999,26.95,9.446898648752972,35.822624428888886,34.36977777777778,0.0,5,ns,0.091
21,12,-95.14999999999999,27.05,6.0676408241279205,36.30977777777778,36.30977777777778,0.0,1,ns,0.111
21,17,-95.14999999999999,27.55,14.795334823629446,36.433,36.433,0.0,1,ns,0.046
21,18,-95.14999999999999,27.650000000000002,-10.104003324441843,35.3372633982684,34.090875,0.0,3,ns,0.163
21,19,-95.14999999999999,27.75,2.4676037907061783,35.84761263392857,34.607817142857144,0.0,4,ns,0.288
21,20,-95.14999999999999,27.85,3.494408200996318,35.962614837566846,35.15453647058823,0.0,4,ns,0.305
21,21,-95.14999999999999,27.95,11.280719822384336,35.70126726205451,34.54056,0.0,6,ns,0.199
21,22,-95.14999999999999,28.05,4.852570088131756,36.19555928571428,36.03633,0.0,2,ns,0.285
21,23,-95.14999999999999,28.150000000000002,-7.329927142199097,35.987136666666665,35.987136666666665,0.0,1,ns,0.495
21,26,-95.14999999999999,28.450000000000003,-13.323754307919899,35.4511,35.4511,0.0,1,ns,0.169
21,27,-95.14999999999999,28.55,-1.959595105355504,34.92620791666667,34.4480825,0.0,2,Low-Low,0.002
21,28,-95.14999999999999,28.650000000000002,0.15120235035901147,33.6009328474359,31.8315,0.0,10,Low-Low,0.001
21,29,-95.14999999999999,28.75,-18.288044178693053,32.23602044505065,25.148914444444443,0.0,11,Low-Low,0.001
21,30,-95.14999999999999,28.85,-28.505061203764075,32.827976605555556,28.96585866666667,0.0,3,Low-Low,0.001
21,31,-95.14999999999999,28.950000000000003,8.025450566817142,34.75049981666667,34.75049981666667,0.0,1,High-Low,0.001
21,32,-95.14999999999999,29.05,7.546441472085121,34.86222188888889,34.86222188888889,0.0,1,ns,0.005
22,6,-95.05,26.45,2.9126748285447888,35.97789393984962,35.75673684210526,0.0,5,ns,0.04
22,7,-95.05,26.55,-3.3722183030926542,36.02749540130719,35.73395,0.0,5,ns,0.182
22,8,-95.05,26.650000000000002,2.651683076610766,36.189573779284444,35.800636363636364,0.0,4,ns,0.359
22,9,-95.05,26.75,11.022986585029685,36.25472085185185,35.9255,0.0,3,ns,0.303
22,10,-95.05,26.85,6.636673674615759,36.06531442222222,34.781960000000005,0.0,5,ns,0.095
22,11,-95.05,26.95,4.324732943451117,35.33660833333333,30.717,0.0,8,ns,0.063
22,12,-95.05,27.05,4.00030659406201,34.58117502986858,30.73758064516129,0.0,3,ns,0.248
22,13,-95.05,27.150000000000002,-5.874196106258239,30.756909090909094,30.756909090909094,0.0,1,ns,0.421
22,15,-95.05,27.35,-16.342084080220616,35.53954577272727,34.340455500000004,0.0,3,ns,0.137
22,16,-95.05,27.45,-8.19591112076722,35.76090396730855,34.534091090909094,0.0,4,ns,0.112
22,17,-95.05,27.55,2.142676412953307,35.93358112903226,34.52,0.0,4,ns,0.101
22,18,-95.05,27.650000000000002,-7.355955356028352,35.60447572559997,33.7999995,0.0,9,ns,0.217
22,19,-95.05,27.75,-1.2338187734261916,35.50466143557423,33.61,0.0,7,ns,0.283
22,20,-95.05,27.85,-4.930228166461376,35.349628817577035,33.75941229411765,0.0,4,ns,0.324
22,21,-95.05,27.95,3.451158702420261,35.38824708408648,32.8675005,0.0,11,ns,0.299
22,22,-95.05,28.05,-1.1874921264536178,34.92187451031352,28.019,0.0,14,ns,0.479
22,23,-95.05,28.150000000000002,-16.150234293830522,35.013227334920636,32.8480002,0.0,6,ns,0.289
22,24,-95.05,28.25,-2.043011774358206,34.9551270048864,32.720000600000006,0.0,9,ns,0.396
22,25,-95.05,28.35,0.7964478187526348,33.698063598557,32.47186727272727,0.0,9,ns,0.313
22,26,-95.05,28.450000000000003,-5.046652448042328,33.975827312297234,30.942885294117644,0.0,12,ns,0.309
22,27,-95.05,28.55,-9.326057566831773,33.802518794101736,28.6365685,0.0,12,ns,0.025
22,28,-95.05,28.650000000000002,-13.294871733618216,31.95031636968336,25.496671428571428,0.0,9,Low-Low,0.001
22,29,-95.05,28.75,-2.03117365175396,32.72009837627831,26.94654125,0.0,14,Low-Low,0.001
22,30,-95.05,28.85,-5.964245957863459,32.62390294490694,28.114016666666668,0.0,14,Low-Low,0.001
22,31,-95.05,28.950000000000003,-14.15892351805429,32.17211541853049,28.27918095238095,0.0,11,Low-Low,0.001
22,32,-95.05,29.05,21.616516772194803,33.444306375925926,28.242415,0.0,5,High-Low,0.001
23,6,-94.95,26.45,7.835578161111731,35.849819704534596,34.98413000000001,0.0,7,ns,0.243
23,7,-94.95,26.55,1.0197879983394031,35.89269792540792,35.0293,0.0,8,ns,0.47
23,8,-94.95,26.650000000000002,-8.43351493986151,36.099503,35.802,0.0,2,ns,0.264
23,9,-94.95,26.75,8.565709231370795,36.36030838571428,36.0092,0.0,5,ns,0.313
23,10,-94.95,26.85,4.333385229653743,36.028643769841274,34.702533333333335,0.0,6,ns,0.186
23,11,-94.95,26.95,-0.8996556870811219,34.57701266792929,30.729333333333333,0.0,3,ns,0.158
23,12,-94.95,27.05,8.442512083839404,36.35285185185185,36.242037037037036,0.0,2,ns,0.371
23,13,-94.95,27.150000000000002,-6.308330663497486,30.765666666666664,30.765666666666664,0.0,1,ns,0.344
23,14,-94.95,27.25,-7.438285505517342,30.763882352941177,30.763882352941177,0.0,1,ns,0.216
23,15,-94.95,27.35,-14.097836208022471,34.37340449975313,30.762500000000003,0.0,4,ns,0.125
23,16,-94.95,27.45,-1.9307094837851295,35.36071285733315,30.761941176470586,0.0,8,ns,0.217
23,17,-94.95,27.55,-1.838915223478415,35.54077560595448,30.743235294117646,0.0,10,ns,0.096
23,18,-94.95,27.650000000000002,-0.3514747431360263,35.09510561301407,30.731428571428573,0.0,10,ns,0.277
23,19,-94.95,27.75,-5.95304372977747,34.807135357397506,28.928166666666666,0.0,8,ns,0.309
23,20,-94.95,27.85,-7.679814179666368,34.47326626624308,28.944176470588236,0.0,5,ns,0.492
23,21,-94.95,27.95,4.278335453042989,35.215696709963545,28.660863636363636,0.0,13,ns,0.393
23,22,-94.95,28.05,3.8798119590587623,35.0913548628963,28.17509523809524,0.0,14,ns,0.42
23,23,-94.95,28.150000000000002,-5.024828100514914,35.636896089801525,34.90323,0.0,6,ns,0.366
23,24,-94.95,28.25,23.467601325260418,35.02261163961039,34.036015,0.0,4,ns,0.271
23,25,-94.95,28.35,10.05413621482312,34.28934699047619,33.22371428571429,0.0,5,ns,0.271
23,26,-94.95,28.450000000000003,-0.7978383332365411,34.41718548888889,29.0766556,0.0,6,ns,0.437
23,27,-94.95,28.55,-3.8220207758628533,34.42331346855954,32.2982640625,0.0,8,ns,0.419
23,28,-94.95,28.650000000000002,-12.859694615420365,33.48645361459374,28.190001,0.0,11,ns,0.372
23,29,-94.95,28.75,-28.74626707989858,32.752347340957435,28.28000057142857,0.0,7,ns,0.035
23,30,-94.95,28.85,-14.455757006596693,32.8070540728164,28.9579998,0.0,12,ns,0.024
23,31,-94.95,28.950000000000003,-23.038702487629866,31.44425003378103,28.012175,0.0,9,ns,0.004
23,32,-94.95,29.05,-1.3141577187030455,32.38708029371748,28.013665294117647,0.0,7,Low-Low,0.001
23,33,-94.95,29.150000000000002,-31.374708421783964,30.28153601800758,26.016661856527975,0.0,2,Low-Low,0.001
24,6,-94.85,26.45,4.150265442005505,36.14498157371411,35.8060625,0.0,8,ns,0.315
24,7,-94.85,26.55,3.6797374247799914,35.85475319444445,34.99146666666667,0.0,6,ns,0.156
24,8,-94.85,26.650000000000002,7.584582986643431,35.99087076666667,35.00613333333333,0.0,5,ns,0.181
24,9,-94.85,26.75,8.49391496886789,36.04243964814815,34.721399999999996,0.0,6,ns,0.279
24,10,-94.85,26.85,5.374549364106126,35.58520426984126,34.78032857142857,0.0,3,ns,0.162
24,11,-94.85,26.95,0.2254151986198849,34.45164469444445,30.727933333333333,0.0,3,ns,0.287
24,12,-94.85,27.05,5.853170023314817,36.1183,35.9396,0.0,2,ns,0.409
24,14,-94.85,27.25,6.5489261547713795,36.6510168627451,36.6510168627451,0.0,1,ns,0.052
24,15,-94.85,27.35,-5.678996495472044,35.934402131308026,34.4349995,0.0,6,ns,0.047
24,16,-94.85,27.45,-5.61236279226866,35.95289465583856,34.465,0.0,6,ns,0.117
24,17,-94.85,27.55,11.980437412513282,36.28823869281045,36.19435294117647,0.0,2,ns,0.078
24,18,-94.85,27.650000000000002,5.911338365669025,35.59358202777778,34.574999999999996,0.0,4,ns,0.134
24,19,-94.85,27.75,-4.018666273345123,35.21539565450862,33.738499000000004,0.0,3,ns,0.376
24,20,-94.85,27.85,-1.8539525213714683,36.00263458333333,35.93658666666666,0.0,2,ns,0.447
24,21,-94.85,27.95,6.683719626955406,35.171185063636365,32.46686666666667,0.0,5,ns,0.35
24,22,-94.85,28.05,6.537738353267495,35.42887066174566,32.932923076923075,0.0,9,ns,0.454
24,25,-94.85,28.35,1.94426367216289,36.16917789473684,36.16917789473684,0.0,1,ns,0.125
24,26,-94.85,28.450000000000003,8.10340971667758,35.857336705882354,35.560001,0.0,3,ns,0.137
24,27,-94.85,28.55,4.845983454516386,35.587500500000004,35.587500500000004,0.0,1,ns,0.105
24,29,-94.85,28.75,32.14219588178679,35.809822857142855,35.809822857142855,0.0,1,ns,0.21
24,30,-94.85,28.85,5.6051563317242215,32.89883599679487,31.009366666666665,0.0,6,ns,0.011
24,31,-94.85,28.950000000000003,2.0489109677512922,31.349205381652663,27.656767142857145,0.0,6,ns,0.016
24,32,-94.85,29.05,-37.47832444641068,30.835,30.835,0.0,1,Low-Low,0.001
24,33,-94.85,29.150000000000002,-31.280628185993038,30.005344877365893,25.81672435818006,0.0,2,Low-Low,0.001
24,34,-94.85,29.25,-44.99259577887534,29.918215743455498,25.396432486910996,0.0,2,Low-Low,0.002
24,35,-94.85,29.35,15.839890271660172,29.31538753829597,25.242175,0.0,6,High-Low,0.002
24,36,-94.85,29.450000000000003,25.970816908878117,28.67136124335522,26.256016576219515,0.0,3,ns,0.031
25,6,-94.75,26.45,6.790651697669053,36.1282483234127,35.555,0.0,6,ns,0.129
25,7,-94.75,26.55,-3.4119143106181014,36.140575314685314,35.86944153846154,0.0,2,ns,0.071
25,8,-94.75,26.650000000000002,7.402080285382706,36.08734308333333,35.03736,0.0,9,ns,0.153
25,9,-94.75,26.75,4.800455039724125,35.854532555714286,34.22065,0.0,10,ns,0.229
25,10,-94.75,26.85,-12.786490595355872,36.21961130434783,36.21961130434783,0.0,1,ns,0.129
25,11,-94.75,26.95,-2.0493128508439042,34.809993897321434,30.75,0.0,4,ns,0.292
25,12,-94.75,27.05,10.084604465350736,35.820260000000005,35.815,0.0,2,ns,0.449
25,13,-94.75,27.150000000000002,-1.7206024051507711,36.38345430555556,36.10553111111111,0.0,2,ns,0.394
25,14,-94.75,27.25,7.3071301729982,36.2881115935263,36.03253411764706,0.0,3,ns,0.036
25,15,-94.75,27.35,10.473761551627547,36.32060858974359,36.01254,0.0,2,ns,0.066
25,16,-94.75,27.45,-19.145467429726096,35.059499875,34.432499750000005,0.0,2,ns,0.267
25,17,-94.75,27.55,12.886506079234465,36.2801826984127,36.19271428571429,0.0,2,ns,0.201
25,18,-94.75,27.650000000000002,4.477449995567838,35.75099862820513,34.71134,0.0,4,ns,0.161
25,19,-94.75,27.75,-2.4443217987643493,34.87256876904762,33.111523749999996,0.0,5,ns,0.413
25,20,-94.75,27.85,-5.227083499450411,35.02594138888889,32.9227275,0.0,3,ns,0.406
25,21,-94.75,27.95,13.23971392640207,35.63694544047619,32.5345,0.0,6,ns,0.5
25,22,-94.75,28.05,7.653005068186667,35.17912878752914,32.536,0.0,10,ns,0.345
25,23,-94.75,28.150000000000002,-0.8344600924359611,36.1083,35.972,0.0,2,ns,0.083
25,24,-94.75,28.25,-5.6486959195921145,36.08863939393939,36.08863939393939,0.0,1,ns,0.02
25,26,-94.75,28.450000000000003,9.106078128627681,35.74394477777778,35.21916683333333,0.0,3,ns,0.007
25,27,-94.75,28.55,32.34485737262753,36.10306,36.10306,0.0,1,ns,0.01
25,29,-94.75,28.75,24.563367365284705,36.14978411764706,36.14978411764706,0.0,1,ns,0.048
25,31,-94.75,28.950000000000003,-0.8894195349738376,31.57012081474351,27.644201428571428,0.0,7,ns,0.299
25,32,-94.75,29.05,-10.866819821292381,32.70571457142857,32.70571457142857,0.0,1,Low-Low,0.001
25,33,-94.75,29.150000000000002,13.955055048090344,34.315000045454546,34.315000045454546,0.0,1,High-Low,0.001
25,34,-94.75,29.25,-31.26905028693625,29.611295408188127,25.576424099709584,0.0,2,Low-Low,0.001
25,35,-94.75,29.35,17.47494740880776,29.051056844896724,25.533588786206895,0.0,7,ns,0.004
26,6,-94.64999999999999,26.45,4.434043427682309,36.243641497435895,35.89748615384615,0.0,5,ns,0.295
26,7,-94.64999999999999,26.55,11.297575944565267,35.84153333333333,35.84153333333333,0.0,1,ns,0.226
26,8,-94.64999999999999,26.650000000000002,9.148216271446335,36.31161381904762,35.947228571428575,0.0,5,ns,0.132
26,9,-94.64999999999999,26.75,6.465346877309713,35.73459536111111,34.009966666666664,0.0,6,ns,0.141
26,10,-94.64999999999999,26.85,6.366574808960337,35.88800333333333,35.03306666666666,0.0,4,ns,0.191
26,11,-94.64999999999999,26.95,4.0671877054796175,35.13004022278911,30.742666666666665,0.0,7,ns,0.42
26,12,-94.64999999999999,27.05,-2.5702071861967397,36.08896539454806,35.80876,0.0,3,ns,0.478
26,13,-94.64999999999999,27.150000000000002,-3.7299843697652193,36.44393466966967,36.262103783783786,0.0,2,ns,0.381
26,14,-94.64999999999999,27.25,-11.932254232366802,36.338336842105264,36.338336842105264,0.0,1,ns,0.331
26,15,-94.64999999999999,27.35,-11.658008815819471,36.32356388888889,36.32356388888889,0.0,1,ns,0.293
26,16,-94.64999999999999,27.45,-14.729603438697392,35.66189708888889,33.970001,0.0,5,ns,0.485
26,17,-94.64999999999999,27.55,-3.0250471282018565,35.58611406060606,33.739999999999995,0.0,5,ns,0.472
26,18,-94.64999999999999,27.650000000000002,1.7230250188416676,36.178935512820516,36.01303769230769,0.0,2,ns,0.427
26,19,-94.64999999999999,27.75,-4.574690518110742,33.19500271527778,32.473249875,0.0,2,ns,0.228
26,20,-94.64999999999999,27.85,-7.255753586380109,34.263726974358974,32.23722933333333,0.0,2,ns,0.159
26,21,-94.64999999999999,27.95,6.992675418527502,36.14438947222222,35.45998,0.0,6,ns,0.226
26,22,-94.64999999999999,28.05,2.7123052118122075,35.359411054655865,32.555,0.0,10,ns,0.174
26,23,-94.64999999999999,28.150000000000002,0.6814998870506486,36.10885911764706,35.95718,0.0,2,ns,0.027
26,26,-94.64999999999999,28.450000000000003,7.133331438758792,35.936255641025646,35.53666666666667,0.0,3,High-High,0.002
26,27,-94.64999999999999,28.55,17.87207258050185,35.369682125,34.57750025,0.0,2,High-High,0.002
26,28,-94.64999999999999,28.650000000000002,11.914001667432728,36.23939769230769,36.23939769230769,0.0,1,High-High,0.002
26,31,-94.64999999999999,28.950000000000003,2.3054651228369574,32.021083511171135,28.312271111111112,0.0,7,ns,0.462
26,32,-94.64999999999999,29.05,-2.4423900752663257,32.27478372777777,30.3884,0.0,5,ns,0.017
26,33,-94.64999999999999,29.150000000000002,-1.7722011392131094,32.14357433333333,29.993814666666665,0.0,2,Low-Low,0.001
26,34,-94.64999999999999,29.25,-27.08184214264891,29.990636287810194,25.325860638743453,0.0,13,ns,0.024
26,35,-94.64999999999999,29.35,-7.005848018482847,31.060341334627605,26.7863,0.0,12,ns,0.112
27,6,-94.55,26.45,1.361567595914451,36.328145639952155,36.07774210526316,0.0,4,ns,0.404
27,7,-94.55,26.55,9.007625838941427,36.2956143627451,35.81719117647059,0.0,6,ns,0.305
27,8,-94.55,26.650000000000002,9.583755812459648,35.89312560942761,33.663399999999996,0.0,6,ns,0.249
27,9,-94.55,26.75,1.7808934765178037,35.92165,35.92165,0.0,1,ns,0.124
27,10,-94.55,26.85,-2.0588571150984385,36.28827002923976,36.08796842105263,0.0,3,ns,0.288
27,11,-94.55,26.95,5.788231701584564,35.26693034722222,30.733777777777775,0.0,8,ns,0.405
27,12,-94.55,27.05,9.025163666078459,35.542038818181815,35.08186,0.0,5,ns,0.486
27,15,-94.55,27.35,-5.271454285560935,36.18814285714286,36.18814285714286,0.0,1,ns,0.235
27,16,-94.55,27.45,7.488399647271342,36.34457345959596,36.175333333333334,0.0,5,ns,0.403
27,17,-94.55,27.55,0.8899625740423573,35.81334799221743,33.71749975,0.0,8,ns,0.494
27,18,-94.55,27.650000000000002,10.147568642606473,36.425350986842105,36.34054394736842,0.0,4,ns,0.263
27,19,-94.55,27.75,2.647671286549394,34.787164331751725,31.053875125,0.0,5,ns,0.306
27,20,-94.55,27.85,4.040925177237147,35.48980542857143,31.959016666666667,0.0,5,ns,0.149
27,21,-94.55,27.95,8.581677986501582,35.62326844528619,31.936720833333336,0.0,9,ns,0.132
27,22,-94.55,28.05,7.73081765685854,35.473344418013255,32.50986666666667,0.0,13,ns,0.107
27,23,-94.55,28.150000000000002,9.117767051363257,35.72911303595026,34.815239,0.0,7,ns,0.091
27,24,-94.55,28.25,3.381567733504994,35.16903628769841,34.195499999999996,0.0,6,ns,0.133
27,25,-94.55,28.35,30.53833364127179,35.063221416666664,34.04657,0.0,4,ns,0.123
27,26,-94.55,28.450000000000003,8.82189342246435,34.92901653983918,30.834,0.0,9,ns,0.004
27,27,-94.55,28.55,8.657859264973618,34.837648189102566,31.1673835,0.0,9,High-High,0.003
27,28,-94.55,28.650000000000002,11.950522595495244,34.05622986263736,32.10136,0.0,6,ns,0.011
27,29,-94.55,28.75,12.166569279280026,33.81048525,32.72009071428572,0.0,4,ns,0.058
27,30,-94.55,28.85,19.444236134239944,33.02312655952381,32.21704428571429,0.0,4,ns,0.433
27,31,-94.55,28.950000000000003,13.66924478626357,32.94662857946815,29.736985,0.0,7,ns,0.214
27,32,-94.55,29.05,3.5794794551110405,32.265288446953036,27.719326153846154,0.0,13,ns,0.116
27,33,-94.55,29.150000000000002,3.1181156526728717,31.44659113394176,29.2547875,0.0,9,ns,0.117
27,34,-94.55,29.25,-10.582022296662554,30.891981796882234,26.189619047619047,0.0,16,ns,0.231
27,35,-94.55,29.35,-11.138825621101224,30.528008698261527,26.91654910430839,0.0,3,ns,0.128
27,36,-94.55,29.450000000000003,0.7021354327968842,28.28644949074074,25.59370625,0.0,3,ns,0.122
28,6,-94.45,26.45,-21.299950592219773,36.16126111111111,36.16126111111111,0.0,1,ns,0.284
28,7,-94.45,26.55,2.187660798803627,35.669644885531135,32.2447,0.0,8,ns,0.44
28,8,-94.45,26.650000000000002,6.137787521780538,35.418911361111114,32.7082,0.0,4,ns,0.475
28,9,-94.45,26.75,7.594867826908057,36.28638,36.28638,0.0,1,ns,0.293
28,10,-94.45,26.85,-0.2573110629656128,36.40630525,36.356815999999995,0.0,4,ns,0.156
28,11,-94.45,26.95,0.8699263865696366,35.06685853333333,30.731666666666666,0.0,5,ns,0.331
28,12,-94.45,27.05,6.253753136116935,35.72475051571236,35.05484615384615,0.0,7,ns,0.492
28,13,-94.45,27.150000000000002,3.6314050591650306,35.975393809523815,35.10466,0.0,7,ns,0.38
28,14,-94.45,27.25,5.98068128160152,35.99591151315789,35.08161666666667,0.0,8,ns,0.435
28,15,-94.45,27.35,3.7156167600522756,35.87859017857143,35.0772125,0.0,6,ns,0.359
28,16,-94.45,27.45,9.915503517723842,36.008556076388885,35.00138888888889,0.0,8,ns,0.218
28,17,-94.45,27.55,5.90848160416687,35.70873361001446,33.630066666666664,0.0,14,ns,0.104
28,18,-94.45,27.650000000000002,4.970594570773521,35.57433011531279,32.97933333333334,0.0,17,ns,0.121
28,19,-94.45,27.75,7.57409470497824,35.16997685879442,30.856499499999998,0.0,19,ns,0.14
28,20,-94.45,27.85,5.119109576818403,35.26064734899847,31.477391666666666,0.0,20,ns,0.119
28,21,-94.45,27.95,6.5347078963887295,35.12766247403618,31.696654545454546,0.0,26,ns,0.099
28,22,-94.45,28.05,5.374224918065899,35.170013132773725,31.375172222222222,0.0,21,ns,0.223
28,23,-94.45,28.150000000000002,5.053173719232476,34.964114245334045,31.166742105263157,0.0,15,ns,0.277
28,24,-94.45,28.25,7.051433006102726,34.8783081087963,31.30587,0.0,15,ns,0.429
28,25,-94.45,28.35,6.919621390662557,34.662943635167544,31.397625925925926,0.0,15,ns,0.178
28,26,-94.45,28.450000000000003,4.437250474859504,34.703563792483656,30.98936966666667,0.0,17,ns,0.13
28,27,-94.45,28.55,1.557530411800096,34.36687968677822,30.805183333333332,0.0,19,ns,0.026
28,28,-94.45,28.650000000000002,-6.205843267423685,33.59022742383539,30.419413333333335,0.0,15,ns,0.041
28,29,-94.45,28.75,-12.159600687554011,33.265869191964924,30.410700000000002,0.0,16,ns,0.257
28,30,-94.45,28.85,-17.62588640281451,33.0326270605291,30.585014285714287,0.0,15,ns,0.5
28,31,-94.45,28.950000000000003,-4.3338328438259595,32.80944808365872,29.82766666666667,0.0,20,ns,0.131
28,32,-94.45,29.05,-3.765683555644498,32.78144378475874,29.433615384615386,0.0,24,ns,0.115
28,33,-94.45,29.150000000000002,-7.2177816581478105,31.964891257492344,27.91990476190476,0.0,22,ns,0.17
28,34,-94.45,29.25,2.9190364117846204,31.16541832854285,26.80325,0.0,18,ns,0.05
28,35,-94.45,29.35,7.965407085159045,31.03264419416123,27.119483793522267,0.0,7,ns,0.046
28,36,-94.45,29.450000000000003,-2.055596348391782,28.683238612351097,25.92690551724138,0.0,5,ns,0.104
29,6,-94.35,26.45,-10.209539906287063,36.276839473684205,36.16257894736842,0.0,2,ns,0.415
29,7,-94.35,26.55,3.1664419267828574,35.842064810424425,31.862844444444445,0.0,11,ns,0.375
29,8,-94.35,26.650000000000002,5.723801310158223,36.1974566127451,35.861783333333335,0.0,4,ns,0.322
29,11,-94.35,26.95,-8.734611092353589,34.71081083134921,30.7419375,0.0,4,ns,0.367
29,12,-94.35,27.05,12.340205861715589,35.581900000000005,34.969,0.0,2,ns,0.42
29,13,-94.35,27.150000000000002,0.2704536361183614,36.26366666666667,36.26366666666667,0.0,1,ns,0.444
29,14,-94.35,27.25,-1.8451817858652362,36.172200000000004,36.172200000000004,0.0,1,ns,0.096
29,15,-94.35,27.35,-2.3883241109338087,36.1369,36.1369,0.0,1,ns,0.023
29,16,-94.35,27.45,-3.272121733888355,36.12334,36.12334,0.0,1,ns,0.019
29,17,-94.35,27.55,18.25958929372908,36.17825,36.1485,0.0,2,ns,0.053
29,18,-94.35,27.650000000000002,1.7316370820252691,35.05311965388816,31.788277777777775,0.0,11,ns,0.051
29,19,-94.35,27.75,2.727959395618268,34.621925684397546,31.735000333333332,0.0,10,ns,0.113
29,20,-94.35,27.85,4.259305765813849,36.18623695054945,35.76148,0.0,4,ns,0.082
29,21,-94.35,27.95,8.929899643494977,35.16306352380953,33.15920833333333,0.0,4,ns,0.231
29,22,-94.35,28.05,4.061330747295301,33.61925,33.61925,0.0,1,ns,0.495
29,23,-94.35,28.150000000000002,0.5889117455431574,35.83452388888889,35.83452388888889,0.0,1,ns,0.254
29,24,-94.35,28.25,-5.179227969275057,33.392806666666665,31.378210000000003,0.0,3,ns,0.429
29,25,-94.35,28.35,-6.953617897420372,33.652275055555556,31.479566666666667,0.0,3,ns,0.48
29,26,-94.35,28.450000000000003,8.240733670775114,34.509697552447555,32.55707692307693,0.0,2,ns,0.275
29,27,-94.35,28.55,-0.6138618312390065,36.24965014705882,36.073235294117644,0.0,2,ns,0.16
29,29,-94.35,28.75,15.752489875288404,32.88704016393442,32.88704016393442,0.0,1,ns,0.128
29,30,-94.35,28.85,1.5078644209400522,35.649746666666665,35.649746666666665,0.0,1,ns,0.167
29,31,-94.35,28.950000000000003,-19.308779000915045,33.54644281111111,30.6535,0.0,10,ns,0.028
29,32,-94.35,29.05,15.76400545316696,32.38820592105263,29.762973684210525,0.0,4,High-Low,0.003
29,33,-94.35,29.150000000000002,-6.795681619638667,32.708545957313376,30.269057142857143,0.0,9,ns,0.009
29,34,-94.35,29.25,21.752064285110833,32.219738528921575,29.75990882352941,0.0,6,ns,0.009
29,35,-94.35,29.35,12.220442801424582,27.392136166289593,26.700018832579186,0.0,2,ns,0.049
29,36,-94.35,29.450000000000003,-17.14220226854376,28.563764232843138,26.213767333333333,0.0,6,ns,0.481
30,6,-94.25,26.45,-2.08400364656859,36.31007160846561,36.16501,0.0,6,ns,0.215
30,7,-94.25,26.55,-0.26574834589885915,35.838113489571036,32.4195,0.0,11,ns,0.225
30,8,-94.25,26.650000000000002,-6.674876867492856,35.89220606666667,34.73757833333334,0.0,5,ns,0.451
30,11,-94.25,26.95,-0.6520071900963558,35.20461109027778,30.7409375,0.0,6,ns,0.278
30,12,-94.25,27.05,-0.0632181674048411,36.0405627328844,35.62292592592593,0.0,3,ns,0.196
30,16,-94.25,27.45,38.08271192922439,36.2515,36.2515,0.0,1,ns,0.065
30,17,-94.25,27.55,8.925143975013373,35.62697750198413,33.29912,0.0,10,ns,0.02
30,18,-94.25,27.650000000000002,4.318856100011265,35.22266152167168,31.50241935483871,0.0,11,ns,0.022
30,19,-94.25,27.75,2.8356089300086964,34.63712319859307,31.821725,0.0,8,ns,0.058
30,21,-94.25,27.95,11.23936220936136,34.991892425824176,33.286153846153844,0.0,4,ns,0.41
30,22,-94.25,28.05,5.185653919499771,34.18266666666667,34.18266666666667,0.0,1,ns,0.367
30,23,-94.25,28.150000000000002,-31.760766879139226,35.12102,35.12102,0.0,1,ns,0.451
30,24,-94.25,28.25,-8.404735898311657,35.801598999999996,35.725638,0.0,2,ns,0.257
30,25,-94.25,28.35,-8.39669754333039,36.05295,36.05295,0.0,1,ns,0.227
30,26,-94.25,28.450000000000003,4.000134717444439,33.265313846153845,33.265313846153845,0.0,1,ns,0.309
30,27,-94.25,28.55,-7.931114816310242,36.135882352941174,36.135882352941174,0.0,1,ns,0.107
30,28,-94.25,28.650000000000002,12.629990590308353,34.66340999751243,33.55862332835821,0.0,2,ns,0.431
30,29,-94.25,28.75,14.938687422931423,34.42871831214689,33.15786912429378,0.0,2,ns,0.041
30,30,-94.25,28.85,-21.717369608335357,33.50495611111111,30.705199999999998,0.0,9,ns,0.045
30,31,-94.25,28.950000000000003,-19.516991587707974,33.28963375661376,30.582,0.0,9,Low-Low,0.001
30,32,-94.25,29.05,-13.823800602522583,32.72943529889774,30.762415,0.0,7,ns,0.005
30,33,-94.25,29.150000000000002,-24.506597010995904,31.562784444444446,30.3403,0.0,3,ns,0.015
30,34,-94.25,29.25,15.935352271612922,31.2096520751634,29.796987058823532,0.0,3,ns,0.014
30,35,-94.25,29.35,-33.91759664017337,25.75646038197425,25.75646038197425,0.0,1,ns,0.104
30,36,-94.25,29.450000000000003,-2.5925922749652273,29.784852412781955,27.445666666666668,0.0,6,ns,0.254
31,6,-94.14999999999999,26.45,2.518630218990978,35.975805781018515,34.367577777777775,0.0,6,ns,0.345
31,7,-94.14999999999999,26.55,7.95880225109903,36.268188682692305,36.1604995,0.0,4,ns,0.277
31,8,-94.14999999999999,26.650000000000002,-6.541789779739247,35.87470697460317,34.67892214285714,0.0,5,ns,0.313
31,9,-94.14999999999999,26.75,-2.7325896564662457,36.39633333333333,36.39633333333333,0.0,1,ns,0.247
31,10,-94.14999999999999,26.85,3.1654739515394112,36.25129411764706,36.25129411764706,0.0,1,ns,0.215
31,11,-94.14999999999999,26.95,-6.096280006135572,32.98952564102564,30.738666666666663,0.0,2,ns,0.317
31,12,-94.14999999999999,27.05,-3.93443501457989,34.85225191919192,30.736333333333334,0.0,4,ns,0.167
31,16,-94.14999999999999,27.45,12.905006710013659,35.84073512053571,32.92841857142857,0.0,8,ns,0.008
31,17,-94.14999999999999,27.55,10.394760258168242,35.531807160640504,32.967956470588234,0.0,10,ns,0.031
31,18,-94.14999999999999,27.650000000000002,-14.641329447466887,35.9838541025641,35.9838541025641,0.0,1,ns,0.013
31,19,-94.14999999999999,27.75,-4.817098032146451,33.82196950793651,31.367355555555555,0.0,7,ns,0.18
31,20,-94.14999999999999,27.85,2.221956050365577,35.7056775,35.11076,0.0,2,ns,0.393
31,21,-94.14999999999999,27.95,16.54964323866043,35.19545258941059,33.70227272727273,0.0,5,ns,0.227
31,22,-94.14999999999999,28.05,-6.882420043319968,34.78017083333333,34.068466666666666,0.0,2,ns,0.446
31,23,-94.14999999999999,28.150000000000002,-24.33155810656234,35.422761875,35.422761875,0.0,1,ns,0.31
31,24,-94.14999999999999,28.25,2.8293237604563046,35.97137571428571,35.97137571428571,0.0,1,ns,0.353
31,26,-94.14999999999999,28.450000000000003,8.44990776497201,35.366218186813185,34.289489230769234,0.0,2,ns,0.188
31,27,-94.14999999999999,28.55,4.641011414715403,35.531061290414875,34.757571871244636,0.0,3,ns,0.035
31,28,-94.14999999999999,28.650000000000002,8.380800938719148,35.31902699404762,34.72999255952381,0.0,2,ns,0.186
31,30,-94.14999999999999,28.85,-13.71114957050694,33.198944485726834,30.690424999999998,0.0,11,ns,0.075
31,31,-94.14999999999999,28.950000000000003,-4.342643807427999,33.6580844253202,31.485999399999997,0.0,5,Low-Low,0.002
31,32,-94.14999999999999,29.05,-24.66054841763697,32.61755591836063,30.979088571428573,0.0,6,ns,0.01
31,33,-94.14999999999999,29.150000000000002,-40.41490124035528,32.43287,32.43287,0.0,1,ns,0.125
31,34,-94.14999999999999,29.25,-6.540317345147145,30.07684433333333,25.596095,0.0,4,ns,0.1
31,35,-94.14999999999999,29.35,-4.822932792351821,29.675371201991908,25.759148566137565,0.0,4,ns,0.114
31,36,-94.14999999999999,29.450000000000003,9.032404853976345,30.090239294871793,27.8592425,0.0,5,ns,0.156
32,6,-94.05,26.45,4.601920766249942,35.05543991239462,30.68557894736842,0.0,7,ns,0.435
32,7,-94.05,26.55,2.0558673117093234,34.93599046843435,30.684,0.0,5,ns,0.364
32,8,-94.05,26.650000000000002,-4.847978862326784,35.109944897286105,30.692941176470587,0.0,8,ns,0.399
32,9,-94.05,26.75,2.533724005395186,34.700838770562775,30.69609090909091,0.0,5,ns,0.354
32,10,-94.05,26.85,-10.941879539799373,32.55526666666666,30.7248,0.0,2,ns,0.302
32,11,-94.05,26.95,4.388028463279075,33.81347330979889,30.727875,0.0,3,ns,0.099
32,12,-94.05,27.05,-5.296719052732283,34.84654115857488,30.736555555555558,0.0,5,ns,0.143
32,13,-94.05,27.150000000000002,-29.47434808524065,36.23745933333333,36.23745933333333,0.0,1,ns,0.438
32,15,-94.05,27.35,6.246979792888027,36.31694128496503,36.030509230769226,0.0,4,ns,0.056
32,16,-94.05,27.45,7.247476467528202,35.59045222156177,33.816871818181816,0.0,10,ns,0.007
32,17,-94.05,27.55,22.950794953619074,36.027903028157354,35.315,0.0,5,ns,0.084
32,18,-94.05,27.650000000000002,12.549214746381077,35.299346297619046,33.235678,0.0,3,ns,0.306
32,19,-94.05,27.75,0.5352282463300008,34.34782984110951,30.714157142857143,0.0,9,ns,0.473
32,20,-94.05,27.85,7.305288386172587,35.661542144522144,34.37087181818182,0.0,3,ns,0.236
32,21,-94.05,27.95,6.942547629875657,35.48937599974164,33.388,0.0,11,ns,0.371
32,22,-94.05,28.05,3.228815404568913,35.40709323349703,33.2622,0.0,11,ns,0.487
32,23,-94.05,28.150000000000002,8.07732617540563,35.336528339285714,33.85774,0.0,6,ns,0.499
32,24,-94.05,28.25,3.2057513580146235,35.32484122718254,34.12179999999999,0.0,6,ns,0.415
32,25,-94.05,28.35,9.73575026864429,34.89462056785714,33.408142857142856,0.0,5,ns,0.348
32,26,-94.05,28.450000000000003,8.952565603644194,34.94056685052097,32.835875,0.0,10,ns,0.145
32,27,-94.05,28.55,8.45022633292229,34.76501169512474,32.63875,0.0,10,ns,0.045
32,28,-94.05,28.650000000000002,7.020828287040558,33.940387333333334,32.939,0.0,4,ns,0.249
32,29,-94.05,28.75,12.540020573638856,33.31729987878788,32.803226,0.0,5,ns,0.138
32,30,-94.05,28.85,-12.321459773416422,33.090380402339726,30.721466666666668,0.0,14,ns,0.054
32,31,-94.05,28.950000000000003,-9.73260164115461,33.159078629432344,31.242624875,0.0,13,ns,0.008
32,32,-94.05,29.05,5.668622680287228,32.681073323956824,31.04066842105263,0.0,8,ns,0.008
32,33,-94.05,29.150000000000002,-0.6609838662672474,32.01867643653846,30.619589333333334,0.0,5,ns,0.13
32,34,-94.05,29.25,2.8604833792961926,31.290572585994397,29.52563466666667,0.0,5,ns,0.125
32,35,-94.05,29.35,-1.9172530056654467,30.712569363158515,27.8277675,0.0,10,ns,0.175
32,36,-94.05,29.450000000000003,-11.545729988514942,29.39526825087924,27.280089999999998,0.0,8,ns,0.257
33,6,-93.95,26.45,7.191099747803548,35.532875250000004,34.584900000000005,0.0,4,ns,0.265
33,7,-93.95,26.55,5.247597620191925,36.072212981617646,35.4925,0.0,4,ns,0.332
33,8,-93.95,26.650000000000002,-8.510520720882155,35.738077857142855,35.183577142857146,0.0,4,ns,0.395
33,9,-93.95,26.75,-3.7379033550028793,35.05564117149517,30.708428571428573,0.0,5,ns,0.463
33,10,-93.95,26.85,7.2938199987950725,35.83968870967742,35.6137,0.0,2,ns,0.309
33,11,-93.95,26.95,25.931351569865512,35.50066666666667,35.50066666666667,0.0,1,ns,0.088
33,12,-93.95,27.05,3.5125410273763387,34.234049478174605,30.752166666666668,0.0,3,ns,0.083
33,13,-93.95,27.150000000000002,-18.09976440839108,36.29627423076923,36.20813846153846,0.0,2,ns,0.411
33,14,-93.95,27.25,-6.334319721939295,36.327004920787545,36.18690333333333,0.0,4,ns,0.311
33,15,-93.95,27.35,5.444070948892683,35.60446348809524,32.653825,0.0,7,ns,0.174
33,16,-93.95,27.45,4.29361075280799,35.29326926664488,33.12856666666667,0.0,5,ns,0.017
33,17,-93.95,27.55,15.603544097388541,36.33235511111111,36.306732000000004,0.0,3,ns,0.102
33,18,-93.95,27.650000000000002,-12.276239965291893,34.55627882352941,34.55627882352941,0.0,1,ns,0.225
33,19,-93.95,27.75,-4.279991200592339,33.54819513888889,30.8208375,0.0,6,ns,0.309
33,20,-93.95,27.85,-11.087185510996363,33.81139285714286,32.175357142857145,0.0,2,ns,0.207
33,21,-93.95,27.95,-4.742883016708333,35.145469209956715,32.93525,0.0,7,ns,0.405
33,22,-93.95,28.05,3.9098773553455772,35.2216071826612,32.848866666666666,0.0,10,ns,0.439
33,23,-93.95,28.150000000000002,17.562004664099856,35.85239335064935,34.152786666666664,0.0,5,ns,0.339
33,24,-93.95,28.25,19.010245431070388,35.855547600108224,34.72345583333333,0.0,4,ns,0.282
33,25,-93.95,28.35,11.310969598067459,34.9100693502994,33.1235,0.0,6,ns,0.173
33,26,-93.95,28.450000000000003,6.344697521427088,34.92914685450535,32.87833333333334,0.0,10,ns,0.081
33,27,-93.95,28.55,7.972755022184653,35.54429064399782,34.25584555555556,0.0,7,ns,0.083
33,28,-93.95,28.650000000000002,11.023622569855519,34.35626722222222,33.841476666666665,0.0,2,ns,0.211
33,29,-93.95,28.75,9.314461920822964,33.42411155844156,32.90407272727273,0.0,3,ns,0.051
33,30,-93.95,28.85,-15.21943524566678,33.41647202673113,30.673333666666668,0.0,16,ns,0.111
33,31,-93.95,28.950000000000003,-6.426473624546968,33.48777534469697,31.705001666666664,0.0,9,ns,0.089
33,32,-93.95,29.05,15.420558760989891,33.549521698863636,31.968646,0.0,4,ns,0.049
33,33,-93.95,29.150000000000002,18.81680911301072,32.558879222222224,31.732604444444444,0.0,2,ns,0.322
33,34,-93.95,29.25,15.198039300480502,32.711734117647055,32.711734117647055,0.0,1,ns,0.481
33,35,-93.95,29.35,15.167811978785778,31.238545883802814,29.791171767605633,0.0,2,ns,0.182
33,36,-93.95,29.450000000000003,3.402178104802393,29.457667260690187,27.75211,0.0,6,ns,0.128
34,6,-93.85,26.45,2.855390955106458,35.43194005952381,34.435135833333334,0.0,2,ns,0.07
34,7,-93.85,26.55,5.281529641926113,35.943485674242424,34.40208833333333,0.0,5,ns,0.166
34,8,-93.85,26.650000000000002,2.00729151989187,35.686209040404044,34.407785,0.0,3,ns,0.251
34,9,-93.85,26.75,2.6894162516954245,36.04266718768074,35.29079692307692,0.0,6,ns,0.411
34,10,-93.85,26.85,-5.580857104267636,36.17077777777777,36.17077777777777,0.0,1,ns,0.48
34,11,-93.85,26.95,-3.3483804979436513,36.465500000000006,36.465500000000006,0.0,1,ns,0.323
34,12,-93.85,27.05,-1.6303511042974719,36.36511005789474,36.26373912280702,0.0,5,ns,0.268
34,13,-93.85,27.150000000000002,1.4063272031848442,36.384775463659146,36.277610952380954,0.0,3,ns,0.381
34,14,-93.85,27.25,6.995217729233081,35.508145266666666,33.01655,0.0,5,ns,0.252
34,15,-93.85,27.35,12.175824599238732,35.25763163775917,32.91485789473684,0.0,6,ns,0.156
34,16,-93.85,27.45,4.226966521071574,35.598,34.924,0.0,2,ns,0.033
34,17,-93.85,27.55,18.149612599011277,36.234409375,36.195750000000004,0.0,2,ns,0.025
34,18,-93.85,27.650000000000002,-14.7879799769579,32.5918628,32.5918628,0.0,1,ns,0.056
34,19,-93.85,27.75,-1.6880925101637654,33.916961422743725,31.123275,0.0,6,ns,0.423
34,20,-93.85,27.85,-9.520725620229143,34.331682763007834,32.77527166666666,0.0,4,ns,0.216
34,21,-93.85,27.95,-1.9929731321386441,34.51678723809524,32.9572380952381,0.0,6,ns,0.462
34,22,-93.85,28.05,1.9830682085169429,35.596988191819676,33.806999999999995,0.0,5,ns,0.464
34,23,-93.85,28.150000000000002,1.2269934139223437,36.35828091549296,36.35828091549296,0.0,1,ns,0.252
34,24,-93.85,28.25,0.09279903315206184,36.37475076724137,36.37475076724137,0.0,1,ns,0.073
34,25,-93.85,28.35,-5.268920175060164,35.99625450896455,35.65166411764706,0.0,3,ns,0.054
34,26,-93.85,28.450000000000003,-18.868807188136714,35.2148775,35.2148775,0.0,1,ns,0.049
34,27,-93.85,28.55,8.550815651196075,36.110595,36.02694,0.0,2,ns,0.411
34,29,-93.85,28.75,-15.341512595510425,33.67991455261611,30.9717,0.0,9,ns,0.055
34,30,-93.85,28.85,-21.138913923672643,33.28406959355351,30.8843625,0.0,17,ns,0.065
34,32,-93.85,29.05,10.783606692252022,31.976625,31.976625,0.0,1,ns,0.436
34,35,-93.85,29.35,11.497460958748661,28.150200674242424,28.150200674242424,0.0,1,ns,0.014
34,36,-93.85,29.450000000000003,-17.794871948814244,29.115747930555557,26.91141,0.0,3,ns,0.012
35,6,-93.75,26.45,3.618304546507261,36.21908108108108,36.21908108108108,0.0,1,ns,0.016
35,7,-93.75,26.55,20.466079794834172,36.279116111111115,36.154975,0.0,3,ns,0.146
35,8,-93.75,26.650000000000002,3.868658829880104,35.40640474324324,34.511278,0.0,2,ns,0.171
35,9,-93.75,26.75,1.8931121871804824,35.77262740243598,34.73192909090909,0.0,6,ns,0.346
35,10,-93.75,26.85,7.874125672255531,35.85577234375,34.72949,0.0,4,ns,0.455
35,11,-93.75,26.95,1.5752182332133486,36.11438151262627,35.197896666666665,0.0,4,ns,0.446
35,12,-93.75,27.05,-0.45896393496877863,36.38207602030812,36.302541176470584,0.0,4,ns,0.378
35,13,-93.75,27.150000000000002,-8.437102322451096,36.31845454545454,36.31845454545454,0.0,1,ns,0.468
35,14,-93.75,27.25,5.330719449532879,35.52096992021728,33.74435714285714,0.0,8,ns,0.465
35,15,-93.75,27.35,5.351715595818433,35.97053118181818,34.907272727272726,0.0,4,ns,0.049
35,17,-93.75,27.55,23.343119237998394,36.27264583333333,36.249545,0.0,2,ns,0.026
35,18,-93.75,27.650000000000002,1.3716172911485103,34.32545028735632,33.11856724137931,0.0,2,ns,0.024
35,19,-93.75,27.75,1.4154274885523495,34.302413719505985,31.859625,0.0,7,ns,0.229
35,20,-93.75,27.85,-10.21502902906056,34.966987403846154,32.59588461538461,0.0,4,ns,0.308
35,21,-93.75,27.95,-8.642751981141249,34.64890798370325,32.89426666666667,0.0,5,ns,0.402
35,22,-93.75,28.05,2.050984853570867,35.53802422252016,33.083615384615385,0.0,6,ns,0.439
35,23,-93.75,28.150000000000002,0.5417638762834827,36.35281672413793,36.35281672413793,0.0,1,ns,0.092
35,24,-93.75,28.25,-23.02082680654064,35.587754333333336,35.587754333333336,0.0,1,ns,0.01
35,25,-93.75,28.35,-10.71190143617693,35.689604230769234,35.47275,0.0,2,ns,0.038
35,26,-93.75,28.450000000000003,23.986640535175468,36.347755,36.347755,0.0,1,ns,0.426
35,27,-93.75,28.55,-1.923349566968227,36.210875,36.210875,0.0,1,ns,0.327
35,28,-93.75,28.650000000000002,0.6236633298288249,35.45297296296297,35.1559,0.0,3,ns,0.075
35,29,-93.75,28.75,-14.836082320791963,33.56260751396469,30.746699999999997,0.0,16,ns,0.044
35,30,-93.75,28.85,-21.73517486125395,33.29091183333333,30.761999,0.0,6,ns,0.161
35,31,-93.75,28.950000000000003,6.00417579427301,31.588965,31.588965,0.0,1,ns,0.177
35,32,-93.75,29.05,11.832042773875003,32.04644,32.04644,0.0,1,ns,0.288
35,35,-93.75,29.35,23.998673752981347,29.311072877470355,29.311072877470355,0.0,1,High-High,0.003
35,36,-93.75,29.450000000000003,16.689996944616382,29.553457583333334,29.386915333333334,0.0,2,ns,0.023
36,6,-93.64999999999999,26.45,6.296831616317718,36.25566666666666,36.25566666666666,0.0,1,ns,0.02
36,7,-93.64999999999999,26.55,24.8829312827465,36.284069,36.15635,0.0,3,ns,0.156
36,8,-93.64999999999999,26.650000000000002,0.46779707209782373,36.30785185185185,36.30785185185185,0.0,1,ns,0.086
36,9,-93.64999999999999,26.75,-11.190292004788319,35.60446602564103,35.303665384615385,0.0,2,ns,0.187
36,10,-93.64999999999999,26.85,3.678227720091075,36.22035803952991,35.882374999999996,0.0,7,ns,0.276
36,11,-93.64999999999999,26.95,-1.1798383122073688,36.17298551415585,35.28827136363637,0.0,5,ns,0.33
36,12,-93.64999999999999,27.05,-0.12043576521713248,36.07063537789661,34.74597764705882,0.0,5,ns,0.373
36,13,-93.64999999999999,27.150000000000002,9.294651946084599,35.56877500080128,33.47300033333334,0.0,8,ns,0.293
36,14,-93.64999999999999,27.25,9.045875976370171,34.90921601746032,32.76624,0.0,7,ns,0.491
36,15,-93.64999999999999,27.35,-10.274049526504939,36.230540714285716,36.13857142857143,0.0,2,ns,0.04
36,16,-93.64999999999999,27.45,8.114374202291572,36.14725,36.14725,0.0,1,High-High,0.001
36,17,-93.64999999999999,27.55,25.33491202179323,36.288616704545454,36.2832325,0.0,2,ns,0.009
36,18,-93.64999999999999,27.650000000000002,16.963201856983886,35.2909124318217,32.69947571428572,0.0,6,High-High,0.003
36,19,-93.64999999999999,27.75,12.110017823920321,35.0489172318738,32.6222,0.0,10,ns,0.047
36,20,-93.64999999999999,27.85,7.023496824791484,35.19968659704185,32.08925,0.0,6,ns,0.229
36,21,-93.64999999999999,27.95,12.48568253646478,35.05422732882283,32.8618,0.0,7,ns,0.409
36,22,-93.64999999999999,28.05,9.179291094387763,35.11939092168438,32.897333333333336,0.0,11,ns,0.409
36,23,-93.64999999999999,28.150000000000002,17.678976142049816,35.76606002836358,33.71510256410256,0.0,5,ns,0.451
36,24,-93.64999999999999,28.25,19.226753751582436,35.72597085987344,33.61205555555555,0.0,4,ns,0.185
36,25,-93.64999999999999,28.35,16.236306176961477,35.66058820246887,33.7044,0.0,6,ns,0.222
36,26,-93.64999999999999,28.450000000000003,14.846156062293337,35.6499543721236,32.783,0.0,6,ns,0.488
36,27,-93.64999999999999,28.55,7.07312478631502,35.22720271894382,32.133087719298246,0.0,5,ns,0.305
36,28,-93.64999999999999,28.650000000000002,-11.643720181288694,33.98293160920402,30.4672002,0.0,21,ns,0.328
36,29,-93.64999999999999,28.75,-12.831827950544664,33.53030035647029,29.473529411764705,0.0,16,ns,0.035
36,30,-93.64999999999999,28.85,-14.085377939748156,33.13706481481481,28.25277777777778,0.0,3,ns,0.079
36,31,-93.64999999999999,28.950000000000003,-15.297390515424844,31.981429406921375,25.226610169491522,0.0,4,ns,0.289
36,32,-93.64999999999999,29.05,21.466893642671266,35.45316666666666,35.43533333333333,0.0,2,ns,0.118
36,33,-93.64999999999999,29.150000000000002,24.065143324235777,35.33025661375662,35.02614285714286,0.0,2,ns,0.029
36,34,-93.64999999999999,29.25,20.527848967549954,33.90746593717949,31.566359350000003,0.0,3,ns,0.01
36,35,-93.64999999999999,29.35,12.762438309514152,31.999552103092782,31.188979206185564,0.0,2,ns,0.042
36,36,-93.64999999999999,29.450000000000003,17.9535217742428,32.72360637992832,31.025660000000002,0.0,3,ns,0.055
37,6,-93.55,26.45,5.859096339274174,36.24084615384615,36.24084615384615,0.0,1,ns,0.027
37,7,-93.55,26.55,19.658895544636636,36.22937136363637,36.162318181818186,0.0,2,ns,0.193
37,8,-93.55,26.650000000000002,3.7162225904945956,36.05683973602485,35.30785,0.0,4,ns,0.162
37,9,-93.55,26.75,-2.7784089538103673,35.90855751923077,35.1172075,0.0,5,ns,0.215
37,10,-93.55,26.85,1.249370022124367,36.1130401377551,35.227606,0.0,7,ns,0.342
37,12,-93.55,27.05,1.9063217245944202,35.902577682539686,35.2311,0.0,3,ns,0.42
37,13,-93.55,27.150000000000002,5.080754058305331,35.54914500703463,34.1702997,0.0,8,ns,0.311
37,14,-93.55,27.25,5.13483618774004,35.462901097435896,32.830605,0.0,5,ns,0.424
37,15,-93.55,27.35,-5.145590379754751,35.38802177083333,32.683302499999996,0.0,4,ns,0.084
37,16,-93.55,27.45,3.9467389835535553,35.847675003844465,32.721994375,0.0,9,ns,0.011
37,17,-93.55,27.55,14.547953478117181,35.77027558333334,32.85258666666667,0.0,7,High-High,0.002
37,18,-93.55,27.650000000000002,21.622963882125728,35.61940397787398,32.57856318181818,0.0,9,High-High,0.002
37,19,-93.55,27.75,13.608241948296888,35.22287631869898,31.9397,0.0,11,ns,0.013
37,20,-93.55,27.85,-9.858927123881287,35.01945010227273,31.884666666666664,0.0,4,ns,0.034
37,21,-93.55,27.95,-9.065118642795758,35.374940621085905,32.08977419354839,0.0,6,ns,0.143
37,22,-93.55,28.05,4.963806078637302,35.36487842808673,32.68277777777777,0.0,11,ns,0.217
37,23,-93.55,28.150000000000002,8.880747927675047,35.65459936131725,33.732294,0.0,7,ns,0.259
37,24,-93.55,28.25,13.57421567375303,35.29641125396825,33.73885214285714,0.0,6,ns,0.167
37,25,-93.55,28.35,6.153156997865374,35.37256091768417,34.04091,0.0,9,ns,0.092
37,26,-93.55,28.450000000000003,6.685260972628321,35.525554287697275,34.544916,0.0,9,ns,0.203
37,27,-93.55,28.55,3.2503684319969155,35.2671089652278,33.536,0.0,11,ns,0.23
37,28,-93.55,28.650000000000002,-13.580224247115305,33.8937685266974,30.550999583333333,0.0,20,ns,0.359
37,29,-93.55,28.75,2.3716756997413655,33.60968052380953,32.1955300952381,0.0,5,ns,0.05
37,30,-93.55,28.85,23.712941776029687,33.207681829573936,32.34050142857143,0.0,5,ns,0.028
37,31,-93.55,28.950000000000003,11.558060381705195,32.329989624286235,31.49987076923077,0.0,5,ns,0.469
37,32,-93.55,29.05,-7.095397833850984,32.3096869952876,31.166439333333336,0.0,5,ns,0.112
37,33,-93.55,29.150000000000002,3.9656813419607695,32.35479393623737,30.026923333333333,0.0,6,ns,0.094
37,34,-93.55,29.25,27.272063001356603,31.899805461084433,30.084959333333334,0.0,7,ns,0.107
37,35,-93.55,29.35,11.759684122861065,31.586963011904764,29.1417,0.0,7,ns,0.024
37,36,-93.55,29.450000000000003,-8.411883159958458,30.50273879811326,29.04371625,0.0,7,ns,0.025
38,6,-93.45,26.45,-0.04944234256504387,36.24666666666666,36.24666666666666,0.0,1,ns,0.033
38,7,-93.45,26.55,9.097772920802283,36.10264888717204,34.86405851851852,0.0,7,ns,0.17
38,8,-93.45,26.650000000000002,1.2514250347702642,36.10792533552962,35.20265604651163,0.0,4,ns,0.3
38,9,-93.45,26.75,-7.989928880925987,35.798081999999994,35.00746,0.0,2,ns,0.383
38,10,-93.45,26.85,-3.659489100212928,35.852216365079364,35.45510266666667,0.0,3,ns,0.321
38,11,-93.45,26.95,6.939480354981242,36.17037625,36.17037625,0.0,1,ns,0.305
38,12,-93.45,27.05,2.639468432591213,35.48770041558441,32.612,0.0,7,ns,0.412
38,13,-93.45,27.150000000000002,-2.6062121970106205,34.95404216666667,33.331001,0.0,2,ns,0.445
38,14,-93.45,27.25,-15.033714166834557,36.24238625,36.24238625,0.0,1,ns,0.437
38,16,-93.45,27.45,4.369770391264501,36.258971933333335,35.74366666666666,0.0,5,ns,0.041
38,17,-93.45,27.55,17.585251946573464,35.69628643310937,32.96048090909091,0.0,7,ns,0.004
38,18,-93.45,27.650000000000002,19.212983333449916,35.52069692536947,32.72195155844156,0.0,6,ns,0.004
38,19,-93.45,27.75,14.151757503972124,35.487329285466274,32.4463375,0.0,16,ns,0.019
38,20,-93.45,27.85,14.079628466757026,35.688263245737424,32.992110000000004,0.0,11,ns,0.061
38,21,-93.45,27.95,-5.639931287129325,34.71383413674028,31.570999999999998,0.0,12,ns,0.15
38,22,-93.45,28.05,1.418748569669185,35.16664099599426,32.63386666666666,0.0,10,ns,0.254
38,23,-93.45,28.150000000000002,-5.873843550649269,34.974799999999995,34.974799999999995,0.0,1,ns,0.149
38,24,-93.45,28.25,-6.056150655304862,34.94890909090909,34.94890909090909,0.0,1,ns,0.026
38,25,-93.45,28.35,1.498333365586035,35.45225935658915,35.09818604651163,0.0,2,ns,0.062
38,26,-93.45,28.450000000000003,10.784226442515404,35.337990335497835,34.540655,0.0,6,ns,0.274
38,27,-93.45,28.55,-4.945161993919338,34.560840374435344,31.029999500000002,0.0,23,ns,0.282
38,28,-93.45,28.650000000000002,-2.751252536644255,33.83472374409401,30.908499499999998,0.0,11,ns,0.427
38,29,-93.45,28.75,16.696302753433564,33.96018675436095,32.35835662162162,0.0,5,ns,0.126
38,30,-93.45,28.85,-17.093525998453345,32.09466315503876,32.09466315503876,0.0,1,ns,0.172
38,31,-93.45,28.950000000000003,2.4529903385391805,32.85333079643449,31.57244,0.0,4,ns,0.479
38,32,-93.45,29.05,-12.492151124689144,32.907558315505554,31.866847142857143,0.0,4,ns,0.134
38,33,-93.45,29.150000000000002,7.665864033571855,32.642698136111115,31.597755533333334,0.0,3,ns,0.104
38,34,-93.45,29.25,-17.453675801800955,31.35133353846154,31.35133353846154,0.0,1,ns,0.15
38,35,-93.45,29.35,-15.138667943376765,31.767284363214493,29.546888000000003,0.0,5,ns,0.068
38,36,-93.45,29.450000000000003,-2.83185638510173,30.642312610847565,28.67455166666667,0.0,4,ns,0.291
